activity_id,viewer_id,movie_id,watch_date,watch_month,completion_pct,device,platform
A00001,V0001,M022,2025-01-23,2025-01,93,Tablet,Android
A00002,V0001,M003,2025-01-20,2025-01,32,Laptop,Android
A00003,V0002,M010,2025-03-09,2025-03,26,Mobile,Android
A00004,V0002,M002,2025-03-16,2025-03,60,Tablet,iOS
A00005,V0002,M004,2025-01-12,2025-01,37,TV,Web
A00006,V0002,M012,2025-04-23,2025-04,54,Mobile,Web
A00007,V0002,M011,2025-02-16,2025-02,71,Tablet,SmartTV
A00008,V0002,M009,2025-04-09,2025-04,81,Tablet,Android
A00009,V0002,M004,2025-02-03,2025-02,27,TV,iOS
A00010,V0002,M014,2025-05-04,2025-05,76,TV,SmartTV
A00011,V0002,M025,2025-04-02,2025-04,23,TV,SmartTV
A00012,V0002,M016,2025-01-29,2025-01,76,Mobile,iOS
A00013,V0002,M009,2025-03-22,2025-03,87,TV,Web
A00014,V0002,M017,2025-01-25,2025-01,51,Tablet,Web
A00015,V0002,M022,2025-04-09,2025-04,91,Mobile,iOS
A00016,V0002,M021,2025-02-10,2025-02,80,Tablet,Android
A00017,V0002,M003,2025-05-06,2025-05,50,Laptop,Web
A00018,V0002,M002,2025-02-27,2025-02,68,Tablet,Android
A00019,V0003,M015,2025-04-24,2025-04,77,Mobile,SmartTV
A00020,V0003,M015,2025-03-22,2025-03,83,Mobile,iOS
A00021,V0003,M013,2025-04-16,2025-04,91,Mobile,iOS
A00022,V0003,M020,2025-03-19,2025-03,91,TV,SmartTV
A00023,V0004,M012,2025-01-14,2025-01,78,Laptop,SmartTV
A00024,V0004,M023,2025-04-04,2025-04,77,Mobile,iOS
A00025,V0004,M025,2025-02-26,2025-02,63,Laptop,Web
A00026,V0004,M018,2025-04-06,2025-04,33,Mobile,Android
A00027,V0004,M016,2025-02-05,2025-02,72,Mobile,Web
A00028,V0004,M020,2025-02-20,2025-02,35,Tablet,Android
A00029,V0004,M015,2025-02-18,2025-02,63,Mobile,SmartTV
A00030,V0004,M002,2025-02-01,2025-02,78,TV,SmartTV
A00031,V0004,M001,2025-01-13,2025-01,75,Tablet,Android
A00032,V0004,M023,2025-02-14,2025-02,36,Mobile,SmartTV
A00033,V0004,M022,2025-03-24,2025-03,69,Tablet,Android
A00034,V0004,M009,2025-04-12,2025-04,57,Tablet,Android
A00035,V0005,M014,2025-03-18,2025-03,90,Laptop,Android
A00036,V0005,M007,2025-02-23,2025-02,57,Laptop,Android
A00037,V0005,M023,2025-02-15,2025-02,89,Laptop,iOS
A00038,V0005,M025,2025-04-01,2025-04,81,Tablet,Web
A00039,V0005,M014,2025-01-04,2025-01,33,Mobile,SmartTV
A00040,V0005,M005,2025-01-14,2025-01,27,TV,Web
A00041,V0006,M010,2025-03-06,2025-03,27,Laptop,Android
A00042,V0006,M025,2025-01-09,2025-01,77,Mobile,Android
A00043,V0006,M024,2025-04-10,2025-04,85,Laptop,iOS
A00044,V0006,M013,2025-04-10,2025-04,60,Mobile,iOS
A00045,V0006,M024,2025-03-06,2025-03,99,Tablet,Android
A00046,V0006,M021,2025-04-05,2025-04,89,TV,Android
A00047,V0006,M010,2025-04-25,2025-04,29,TV,Android
A00048,V0007,M004,2025-04-07,2025-04,74,Laptop,Web
A00049,V0007,M005,2025-02-11,2025-02,52,Mobile,Web
A00050,V0007,M015,2025-02-09,2025-02,39,Laptop,iOS
A00051,V0007,M025,2025-03-19,2025-03,93,Laptop,iOS
A00052,V0007,M023,2025-03-23,2025-03,48,TV,iOS
A00053,V0007,M017,2025-02-10,2025-02,89,Tablet,iOS
A00054,V0007,M012,2025-02-26,2025-02,62,Laptop,Web
A00055,V0007,M010,2025-02-25,2025-02,87,Tablet,iOS
A00056,V0007,M004,2025-03-30,2025-03,50,TV,iOS
A00057,V0007,M022,2025-03-24,2025-03,34,Tablet,Web
A00058,V0007,M018,2025-03-14,2025-03,86,Laptop,SmartTV
A00059,V0007,M016,2025-01-12,2025-01,44,Laptop,iOS
A00060,V0007,M004,2025-02-12,2025-02,88,Mobile,iOS
A00061,V0007,M007,2025-02-24,2025-02,74,Mobile,Android
A00062,V0007,M018,2025-04-22,2025-04,29,TV,iOS
A00063,V0007,M015,2025-03-26,2025-03,31,Mobile,iOS
A00064,V0007,M006,2025-03-06,2025-03,29,TV,Web
A00065,V0007,M014,2025-04-10,2025-04,100,Tablet,SmartTV
A00066,V0008,M001,2025-04-10,2025-04,35,Mobile,iOS
A00067,V0008,M025,2025-01-12,2025-01,29,Laptop,iOS
A00068,V0008,M010,2025-03-19,2025-03,31,Laptop,SmartTV
A00069,V0008,M013,2025-04-12,2025-04,23,Tablet,Android
A00070,V0008,M018,2025-02-26,2025-02,70,Laptop,Android
A00071,V0008,M010,2025-04-06,2025-04,90,TV,iOS
A00072,V0008,M002,2025-01-02,2025-01,96,Tablet,iOS
A00073,V0008,M010,2025-02-23,2025-02,64,TV,SmartTV
A00074,V0008,M021,2025-02-06,2025-02,43,TV,Web
A00075,V0008,M007,2025-01-30,2025-01,92,Mobile,SmartTV
A00076,V0008,M021,2025-01-19,2025-01,28,Laptop,iOS
A00077,V0008,M007,2025-05-05,2025-05,65,TV,Android
A00078,V0009,M010,2025-01-18,2025-01,60,Tablet,SmartTV
A00079,V0009,M011,2025-03-20,2025-03,94,TV,Web
A00080,V0009,M011,2025-04-20,2025-04,20,Laptop,Android
A00081,V0009,M008,2025-04-22,2025-04,66,TV,Web
A00082,V0009,M016,2025-04-29,2025-04,65,Laptop,SmartTV
A00083,V0010,M004,2025-02-14,2025-02,97,Mobile,Web
A00084,V0010,M005,2025-02-20,2025-02,100,Mobile,iOS
A00085,V0010,M001,2025-01-08,2025-01,94,Tablet,Android
A00086,V0010,M002,2025-03-08,2025-03,89,Tablet,Android
A00087,V0010,M012,2025-04-11,2025-04,95,Laptop,Android
A00088,V0010,M015,2025-01-24,2025-01,66,Mobile,Android
A00089,V0010,M020,2025-02-12,2025-02,37,Tablet,Android
A00090,V0010,M006,2025-02-07,2025-02,81,Laptop,iOS
A00091,V0010,M008,2025-05-05,2025-05,28,Laptop,Web
A00092,V0010,M008,2025-01-11,2025-01,46,Laptop,SmartTV
A00093,V0010,M016,2025-04-27,2025-04,25,Laptop,iOS
A00094,V0010,M023,2025-03-12,2025-03,53,TV,SmartTV
A00095,V0010,M021,2025-04-07,2025-04,95,Mobile,Web
A00096,V0010,M013,2025-02-27,2025-02,71,Laptop,Web
A00097,V0010,M016,2025-05-04,2025-05,20,TV,SmartTV
A00098,V0010,M006,2025-02-28,2025-02,85,Laptop,Android
A00099,V0010,M005,2025-02-17,2025-02,66,Mobile,Android
A00100,V0010,M014,2025-03-26,2025-03,34,Tablet,SmartTV
A00101,V0010,M016,2025-02-23,2025-02,40,Tablet,iOS
A00102,V0011,M002,2025-02-02,2025-02,95,TV,Android
A00103,V0011,M021,2025-01-11,2025-01,38,Mobile,Android
A00104,V0011,M009,2025-02-16,2025-02,71,Mobile,Web
A00105,V0011,M003,2025-02-25,2025-02,97,Tablet,SmartTV
A00106,V0011,M006,2025-02-26,2025-02,96,TV,Android
A00107,V0011,M020,2025-03-09,2025-03,63,Tablet,iOS
A00108,V0011,M008,2025-04-07,2025-04,36,Mobile,iOS
A00109,V0011,M007,2025-04-18,2025-04,97,Mobile,Android
A00110,V0011,M016,2025-01-10,2025-01,84,Mobile,iOS
A00111,V0012,M022,2025-02-03,2025-02,89,Mobile,SmartTV
A00112,V0012,M017,2025-04-18,2025-04,25,Tablet,Android
A00113,V0012,M016,2025-04-08,2025-04,95,Mobile,SmartTV
A00114,V0012,M005,2025-03-07,2025-03,49,Mobile,Web
A00115,V0012,M020,2025-04-15,2025-04,44,Mobile,iOS
A00116,V0012,M019,2025-01-31,2025-01,20,Tablet,Android
A00117,V0012,M023,2025-03-22,2025-03,66,Mobile,Android
A00118,V0012,M014,2025-03-06,2025-03,88,Tablet,Web
A00119,V0012,M020,2025-03-12,2025-03,70,TV,SmartTV
A00120,V0012,M018,2025-05-04,2025-05,67,Tablet,Web
A00121,V0012,M010,2025-03-30,2025-03,70,TV,iOS
A00122,V0012,M024,2025-02-28,2025-02,40,Mobile,Android
A00123,V0012,M017,2025-04-13,2025-04,90,Mobile,Android
A00124,V0012,M013,2025-01-02,2025-01,38,Tablet,SmartTV
A00125,V0012,M003,2025-01-17,2025-01,48,Laptop,iOS
A00126,V0012,M020,2025-01-10,2025-01,69,Tablet,Web
A00127,V0012,M023,2025-01-15,2025-01,83,Tablet,iOS
A00128,V0013,M022,2025-03-15,2025-03,24,TV,Android
A00129,V0013,M022,2025-01-10,2025-01,50,Mobile,Android
A00130,V0013,M003,2025-03-12,2025-03,65,Tablet,SmartTV
A00131,V0013,M019,2025-02-21,2025-02,21,Mobile,iOS
A00132,V0013,M018,2025-03-14,2025-03,91,Laptop,Web
A00133,V0013,M009,2025-02-27,2025-02,44,Tablet,SmartTV
A00134,V0013,M019,2025-01-02,2025-01,42,Tablet,iOS
A00135,V0013,M018,2025-01-19,2025-01,57,Laptop,iOS
A00136,V0014,M009,2025-03-06,2025-03,76,Tablet,SmartTV
A00137,V0014,M025,2025-03-04,2025-03,78,Tablet,iOS
A00138,V0014,M016,2025-01-30,2025-01,28,Tablet,Android
A00139,V0014,M022,2025-02-28,2025-02,72,Laptop,iOS
A00140,V0014,M023,2025-03-09,2025-03,56,Mobile,SmartTV
A00141,V0014,M022,2025-03-29,2025-03,90,TV,SmartTV
A00142,V0014,M011,2025-04-01,2025-04,93,Laptop,Android
A00143,V0014,M024,2025-02-18,2025-02,45,TV,Android
A00144,V0014,M009,2025-02-22,2025-02,45,TV,Web
A00145,V0014,M005,2025-01-28,2025-01,30,Tablet,iOS
A00146,V0014,M025,2025-01-11,2025-01,67,Laptop,SmartTV
A00147,V0014,M019,2025-03-12,2025-03,43,Laptop,SmartTV
A00148,V0014,M008,2025-02-02,2025-02,87,Tablet,SmartTV
A00149,V0014,M018,2025-01-09,2025-01,64,Tablet,Android
A00150,V0014,M015,2025-01-31,2025-01,86,Tablet,Web
A00151,V0014,M023,2025-01-03,2025-01,46,Tablet,iOS
A00152,V0014,M011,2025-04-03,2025-04,53,TV,Web
A00153,V0014,M008,2025-03-10,2025-03,98,Laptop,Web
A00154,V0015,M016,2025-04-19,2025-04,73,Laptop,Web
A00155,V0015,M013,2025-03-13,2025-03,43,TV,Android
A00156,V0015,M004,2025-03-11,2025-03,91,Tablet,SmartTV
A00157,V0015,M007,2025-02-07,2025-02,39,Tablet,iOS
A00158,V0015,M006,2025-04-18,2025-04,37,Laptop,SmartTV
A00159,V0015,M010,2025-03-06,2025-03,92,Mobile,SmartTV
A00160,V0015,M004,2025-02-11,2025-02,47,Laptop,SmartTV
A00161,V0016,M015,2025-03-27,2025-03,66,Laptop,Web
A00162,V0016,M012,2025-01-06,2025-01,35,Laptop,Android
A00163,V0016,M019,2025-02-14,2025-02,65,Laptop,SmartTV
A00164,V0016,M025,2025-04-25,2025-04,68,Laptop,SmartTV
A00165,V0016,M021,2025-02-07,2025-02,63,Tablet,SmartTV
A00166,V0017,M003,2025-02-11,2025-02,49,Laptop,Web
A00167,V0017,M021,2025-03-16,2025-03,54,Tablet,Web
A00168,V0017,M015,2025-04-03,2025-04,95,Tablet,SmartTV
A00169,V0017,M006,2025-02-17,2025-02,36,TV,Web
A00170,V0018,M007,2025-02-12,2025-02,33,Mobile,iOS
A00171,V0018,M016,2025-01-14,2025-01,70,Mobile,iOS
A00172,V0018,M009,2025-02-09,2025-02,69,Laptop,Android
A00173,V0018,M008,2025-03-14,2025-03,100,TV,Android
A00174,V0019,M006,2025-01-08,2025-01,65,Laptop,SmartTV
A00175,V0019,M015,2025-03-11,2025-03,76,TV,Android
A00176,V0019,M019,2025-04-27,2025-04,92,Tablet,Web
A00177,V0019,M012,2025-05-04,2025-05,49,Mobile,SmartTV
A00178,V0019,M010,2025-04-04,2025-04,53,TV,Web
A00179,V0019,M001,2025-01-01,2025-01,37,Laptop,Web
A00180,V0019,M016,2025-01-03,2025-01,82,Tablet,Web
A00181,V0019,M001,2025-04-21,2025-04,96,TV,iOS
A00182,V0019,M018,2025-04-06,2025-04,72,Tablet,SmartTV
A00183,V0019,M008,2025-02-11,2025-02,69,Tablet,Android
A00184,V0019,M009,2025-01-21,2025-01,100,TV,Web
A00185,V0019,M010,2025-03-10,2025-03,44,Mobile,Android
A00186,V0019,M005,2025-03-16,2025-03,78,Tablet,Web
A00187,V0019,M023,2025-05-06,2025-05,61,Mobile,Android
A00188,V0019,M002,2025-01-06,2025-01,33,Laptop,Web
A00189,V0019,M005,2025-04-23,2025-04,21,TV,iOS
A00190,V0019,M005,2025-01-04,2025-01,47,Laptop,SmartTV
A00191,V0019,M010,2025-05-08,2025-05,79,Mobile,Web
A00192,V0020,M025,2025-02-07,2025-02,54,Tablet,iOS
A00193,V0020,M018,2025-05-01,2025-05,44,Laptop,SmartTV
A00194,V0020,M001,2025-02-01,2025-02,51,Tablet,SmartTV
A00195,V0020,M008,2025-01-09,2025-01,78,Mobile,Android
A00196,V0021,M013,2025-03-21,2025-03,40,Mobile,iOS
A00197,V0021,M009,2025-05-04,2025-05,58,TV,Web
A00198,V0021,M002,2025-02-25,2025-02,50,Tablet,Web
A00199,V0021,M001,2025-02-12,2025-02,94,Mobile,SmartTV
A00200,V0021,M008,2025-01-03,2025-01,94,Tablet,Android
A00201,V0021,M012,2025-01-23,2025-01,40,Tablet,iOS
A00202,V0021,M022,2025-03-28,2025-03,27,Mobile,Web
A00203,V0021,M021,2025-02-09,2025-02,88,Mobile,Android
A00204,V0021,M016,2025-03-01,2025-03,91,Laptop,SmartTV
A00205,V0021,M024,2025-02-19,2025-02,68,Laptop,Android
A00206,V0021,M009,2025-01-11,2025-01,76,Laptop,SmartTV
A00207,V0021,M007,2025-02-17,2025-02,64,Laptop,SmartTV
A00208,V0021,M009,2025-02-11,2025-02,87,TV,SmartTV
A00209,V0021,M010,2025-03-09,2025-03,66,Tablet,iOS
A00210,V0021,M025,2025-04-08,2025-04,43,Mobile,Web
A00211,V0021,M025,2025-03-03,2025-03,28,Tablet,Android
A00212,V0021,M017,2025-05-08,2025-05,39,Laptop,Web
A00213,V0022,M021,2025-03-24,2025-03,32,Mobile,iOS
A00214,V0022,M005,2025-02-15,2025-02,45,Mobile,SmartTV
A00215,V0022,M007,2025-01-26,2025-01,93,Tablet,SmartTV
A00216,V0022,M017,2025-03-07,2025-03,66,TV,iOS
A00217,V0022,M001,2025-02-23,2025-02,82,Mobile,SmartTV
A00218,V0022,M021,2025-01-16,2025-01,91,Tablet,Web
A00219,V0022,M023,2025-01-15,2025-01,54,Mobile,iOS
A00220,V0022,M010,2025-01-20,2025-01,86,Mobile,iOS
A00221,V0022,M024,2025-03-01,2025-03,69,TV,Android
A00222,V0022,M017,2025-03-05,2025-03,100,TV,SmartTV
A00223,V0022,M024,2025-01-28,2025-01,93,Laptop,SmartTV
A00224,V0022,M023,2025-04-20,2025-04,41,TV,SmartTV
A00225,V0022,M017,2025-03-28,2025-03,40,Tablet,Web
A00226,V0022,M011,2025-03-25,2025-03,72,Tablet,Web
A00227,V0022,M020,2025-03-03,2025-03,89,TV,SmartTV
A00228,V0023,M024,2025-03-07,2025-03,77,Tablet,SmartTV
A00229,V0023,M001,2025-01-09,2025-01,96,Mobile,Android
A00230,V0023,M010,2025-01-02,2025-01,48,TV,Web
A00231,V0023,M001,2025-03-12,2025-03,85,TV,iOS
A00232,V0023,M002,2025-04-28,2025-04,39,TV,Web
A00233,V0023,M012,2025-03-05,2025-03,52,Laptop,iOS
A00234,V0023,M019,2025-04-13,2025-04,47,Mobile,Web
A00235,V0023,M016,2025-02-14,2025-02,93,Mobile,Web
A00236,V0023,M002,2025-04-08,2025-04,27,Laptop,Web
A00237,V0023,M014,2025-04-17,2025-04,49,Mobile,SmartTV
A00238,V0023,M002,2025-03-20,2025-03,25,Laptop,Android
A00239,V0023,M011,2025-02-26,2025-02,26,Tablet,SmartTV
A00240,V0023,M025,2025-01-24,2025-01,75,Laptop,SmartTV
A00241,V0023,M005,2025-02-03,2025-02,30,Tablet,iOS
A00242,V0023,M018,2025-04-13,2025-04,30,Tablet,SmartTV
A00243,V0023,M025,2025-02-03,2025-02,81,TV,SmartTV
A00244,V0023,M013,2025-02-20,2025-02,98,TV,Android
A00245,V0023,M003,2025-03-10,2025-03,61,Mobile,iOS
A00246,V0023,M022,2025-04-16,2025-04,66,Laptop,Android
A00247,V0024,M012,2025-01-07,2025-01,41,Laptop,SmartTV
A00248,V0024,M020,2025-02-07,2025-02,25,TV,Android
A00249,V0024,M022,2025-04-06,2025-04,30,Mobile,iOS
A00250,V0024,M008,2025-02-07,2025-02,21,Laptop,iOS
A00251,V0024,M010,2025-04-26,2025-04,22,Laptop,Android
A00252,V0024,M024,2025-02-24,2025-02,89,Laptop,SmartTV
A00253,V0024,M020,2025-02-06,2025-02,22,Tablet,iOS
A00254,V0024,M009,2025-02-13,2025-02,56,TV,Web
A00255,V0024,M002,2025-04-30,2025-04,21,Mobile,SmartTV
A00256,V0024,M022,2025-03-11,2025-03,66,Mobile,iOS
A00257,V0024,M010,2025-04-09,2025-04,68,Mobile,Web
A00258,V0024,M016,2025-01-23,2025-01,45,Tablet,iOS
A00259,V0025,M008,2025-03-20,2025-03,82,Tablet,Android
A00260,V0025,M001,2025-03-30,2025-03,65,Laptop,Web
A00261,V0025,M008,2025-03-12,2025-03,100,Laptop,SmartTV
A00262,V0026,M018,2025-03-13,2025-03,39,Laptop,SmartTV
A00263,V0026,M022,2025-02-05,2025-02,68,TV,SmartTV
A00264,V0027,M019,2025-02-09,2025-02,59,Laptop,SmartTV
A00265,V0027,M018,2025-02-03,2025-02,37,TV,Android
A00266,V0027,M010,2025-02-04,2025-02,38,TV,Web
A00267,V0027,M003,2025-01-31,2025-01,60,TV,iOS
A00268,V0027,M025,2025-03-23,2025-03,72,Laptop,SmartTV
A00269,V0027,M024,2025-03-12,2025-03,44,Mobile,Android
A00270,V0027,M006,2025-01-07,2025-01,98,Laptop,Android
A00271,V0027,M020,2025-03-01,2025-03,23,Laptop,iOS
A00272,V0027,M023,2025-05-03,2025-05,84,Tablet,Web
A00273,V0028,M013,2025-05-06,2025-05,37,TV,Android
A00274,V0028,M008,2025-01-09,2025-01,21,Laptop,SmartTV
A00275,V0028,M008,2025-02-21,2025-02,28,TV,SmartTV
A00276,V0028,M020,2025-05-06,2025-05,61,Tablet,Android
A00277,V0028,M014,2025-04-14,2025-04,97,Tablet,Web
A00278,V0028,M013,2025-01-10,2025-01,33,Tablet,SmartTV
A00279,V0028,M002,2025-03-04,2025-03,88,Tablet,iOS
A00280,V0029,M013,2025-01-13,2025-01,57,Tablet,SmartTV
A00281,V0029,M010,2025-03-15,2025-03,41,Tablet,Web
A00282,V0029,M020,2025-01-14,2025-01,86,TV,SmartTV
A00283,V0029,M021,2025-04-26,2025-04,84,Mobile,Android
A00284,V0029,M025,2025-02-04,2025-02,72,Laptop,SmartTV
A00285,V0029,M001,2025-02-15,2025-02,95,TV,SmartTV
A00286,V0029,M003,2025-03-06,2025-03,40,Mobile,iOS
A00287,V0029,M004,2025-04-26,2025-04,66,Mobile,SmartTV
A00288,V0029,M024,2025-02-10,2025-02,90,Tablet,iOS
A00289,V0029,M025,2025-02-13,2025-02,92,TV,Android
A00290,V0029,M005,2025-02-15,2025-02,26,Tablet,Web
A00291,V0029,M010,2025-04-25,2025-04,100,TV,iOS
A00292,V0029,M005,2025-02-21,2025-02,99,Laptop,iOS
A00293,V0029,M015,2025-05-08,2025-05,89,Mobile,SmartTV
A00294,V0029,M008,2025-02-25,2025-02,80,Tablet,SmartTV
A00295,V0029,M015,2025-01-21,2025-01,96,Mobile,Android
A00296,V0029,M018,2025-03-13,2025-03,100,TV,iOS
A00297,V0029,M006,2025-02-07,2025-02,64,Mobile,Android
A00298,V0029,M002,2025-03-18,2025-03,31,Mobile,iOS
A00299,V0030,M006,2025-02-11,2025-02,56,TV,SmartTV
A00300,V0030,M024,2025-04-03,2025-04,31,Laptop,Web
A00301,V0030,M012,2025-04-08,2025-04,74,Mobile,Web
A00302,V0030,M016,2025-02-04,2025-02,55,Laptop,SmartTV
A00303,V0030,M017,2025-02-23,2025-02,46,Mobile,iOS
A00304,V0030,M019,2025-01-23,2025-01,97,Laptop,SmartTV
A00305,V0030,M020,2025-03-23,2025-03,87,Laptop,Android
A00306,V0030,M020,2025-05-08,2025-05,100,Tablet,SmartTV
A00307,V0030,M006,2025-03-01,2025-03,57,TV,iOS
A00308,V0030,M004,2025-01-07,2025-01,100,Mobile,Android
A00309,V0030,M020,2025-04-17,2025-04,25,Laptop,Web
A00310,V0030,M018,2025-02-24,2025-02,45,Laptop,Web
A00311,V0030,M003,2025-03-20,2025-03,84,Laptop,iOS
A00312,V0030,M004,2025-03-27,2025-03,70,Mobile,Android
A00313,V0030,M007,2025-03-26,2025-03,81,Tablet,iOS
A00314,V0031,M016,2025-02-09,2025-02,78,Laptop,SmartTV
A00315,V0031,M014,2025-01-15,2025-01,58,Laptop,iOS
A00316,V0031,M007,2025-03-26,2025-03,28,TV,Web
A00317,V0031,M001,2025-03-28,2025-03,100,TV,SmartTV
A00318,V0031,M006,2025-01-30,2025-01,60,Mobile,Web
A00319,V0031,M014,2025-01-23,2025-01,50,Laptop,SmartTV
A00320,V0032,M007,2025-03-19,2025-03,34,Laptop,iOS
A00321,V0032,M025,2025-02-21,2025-02,76,Mobile,SmartTV
A00322,V0032,M017,2025-02-09,2025-02,63,Tablet,Web
A00323,V0032,M025,2025-03-25,2025-03,32,TV,Android
A00324,V0032,M024,2025-01-10,2025-01,69,Mobile,iOS
A00325,V0032,M010,2025-01-12,2025-01,96,Mobile,Web
A00326,V0032,M015,2025-01-12,2025-01,86,Laptop,iOS
A00327,V0032,M019,2025-03-21,2025-03,46,Laptop,Android
A00328,V0032,M007,2025-03-15,2025-03,88,Laptop,SmartTV
A00329,V0032,M022,2025-01-31,2025-01,39,TV,Web
A00330,V0032,M004,2025-01-04,2025-01,91,Mobile,Android
A00331,V0033,M012,2025-03-23,2025-03,38,Laptop,Android
A00332,V0033,M006,2025-01-19,2025-01,98,Laptop,SmartTV
A00333,V0033,M002,2025-02-03,2025-02,80,Mobile,iOS
A00334,V0033,M013,2025-01-14,2025-01,74,Tablet,Android
A00335,V0033,M023,2025-04-25,2025-04,65,Laptop,Web
A00336,V0033,M007,2025-01-21,2025-01,92,TV,iOS
A00337,V0033,M023,2025-04-30,2025-04,78,Laptop,SmartTV
A00338,V0033,M016,2025-03-01,2025-03,38,Laptop,Web
A00339,V0033,M013,2025-02-16,2025-02,62,Laptop,SmartTV
A00340,V0033,M016,2025-01-08,2025-01,80,Mobile,Web
A00341,V0033,M016,2025-04-29,2025-04,56,Laptop,Android
A00342,V0033,M017,2025-01-27,2025-01,33,Laptop,iOS
A00343,V0033,M010,2025-04-29,2025-04,95,Tablet,Android
A00344,V0033,M020,2025-03-04,2025-03,40,Tablet,SmartTV
A00345,V0033,M003,2025-03-29,2025-03,95,Tablet,SmartTV
A00346,V0033,M019,2025-03-29,2025-03,50,TV,iOS
A00347,V0033,M024,2025-05-05,2025-05,95,Tablet,Web
A00348,V0033,M018,2025-01-25,2025-01,42,Laptop,SmartTV
A00349,V0033,M003,2025-01-28,2025-01,96,Tablet,Web
A00350,V0034,M021,2025-01-16,2025-01,47,TV,iOS
A00351,V0034,M025,2025-02-07,2025-02,39,Tablet,Web
A00352,V0034,M013,2025-04-25,2025-04,46,Laptop,Web
A00353,V0034,M019,2025-03-19,2025-03,64,Mobile,iOS
A00354,V0034,M020,2025-04-14,2025-04,57,Mobile,Web
A00355,V0034,M018,2025-01-14,2025-01,91,Laptop,iOS
A00356,V0034,M010,2025-01-08,2025-01,75,Tablet,Web
A00357,V0034,M023,2025-04-08,2025-04,68,Tablet,Android
A00358,V0034,M022,2025-02-14,2025-02,37,TV,SmartTV
A00359,V0034,M012,2025-04-17,2025-04,56,TV,Android
A00360,V0034,M001,2025-01-19,2025-01,22,TV,SmartTV
A00361,V0034,M022,2025-04-22,2025-04,30,TV,SmartTV
A00362,V0034,M015,2025-04-19,2025-04,43,Tablet,SmartTV
A00363,V0034,M018,2025-04-26,2025-04,65,TV,Android
A00364,V0034,M014,2025-01-02,2025-01,83,TV,Web
A00365,V0034,M014,2025-04-04,2025-04,24,Tablet,Web
A00366,V0034,M004,2025-05-04,2025-05,30,TV,Web
A00367,V0035,M017,2025-01-21,2025-01,98,Mobile,Android
A00368,V0035,M016,2025-01-20,2025-01,89,Laptop,iOS
A00369,V0035,M011,2025-01-03,2025-01,78,Tablet,Web
A00370,V0035,M014,2025-04-01,2025-04,57,TV,iOS
A00371,V0035,M023,2025-03-19,2025-03,92,Laptop,iOS
A00372,V0035,M021,2025-05-02,2025-05,41,Mobile,Web
A00373,V0035,M024,2025-01-07,2025-01,82,Mobile,Android
A00374,V0035,M017,2025-01-20,2025-01,52,TV,Web
A00375,V0035,M009,2025-03-07,2025-03,34,TV,Android
A00376,V0035,M022,2025-04-25,2025-04,42,Laptop,Android
A00377,V0035,M016,2025-02-16,2025-02,24,Laptop,iOS
A00378,V0035,M005,2025-02-09,2025-02,72,Tablet,Android
A00379,V0035,M022,2025-04-23,2025-04,41,TV,Web
A00380,V0035,M002,2025-03-09,2025-03,26,TV,SmartTV
A00381,V0035,M013,2025-05-02,2025-05,80,TV,SmartTV
A00382,V0035,M022,2025-04-10,2025-04,53,TV,SmartTV
A00383,V0036,M010,2025-04-25,2025-04,60,Mobile,iOS
A00384,V0036,M018,2025-04-01,2025-04,98,Laptop,Web
A00385,V0037,M009,2025-01-26,2025-01,94,Tablet,SmartTV
A00386,V0037,M025,2025-03-03,2025-03,95,TV,Web
A00387,V0037,M022,2025-02-16,2025-02,90,Mobile,iOS
A00388,V0037,M003,2025-01-04,2025-01,32,Mobile,SmartTV
A00389,V0037,M012,2025-02-26,2025-02,56,Laptop,Android
A00390,V0037,M002,2025-01-07,2025-01,31,Mobile,Android
A00391,V0037,M020,2025-02-01,2025-02,35,Mobile,Android
A00392,V0037,M013,2025-02-17,2025-02,43,Laptop,Web
A00393,V0037,M015,2025-01-20,2025-01,78,Laptop,SmartTV
A00394,V0037,M023,2025-03-24,2025-03,40,Mobile,Web
A00395,V0038,M013,2025-04-10,2025-04,27,Laptop,Web
A00396,V0038,M006,2025-04-23,2025-04,82,TV,SmartTV
A00397,V0038,M006,2025-05-06,2025-05,38,Tablet,Android
A00398,V0039,M015,2025-03-08,2025-03,24,Mobile,iOS
A00399,V0039,M019,2025-03-06,2025-03,22,Tablet,Android
A00400,V0039,M021,2025-01-01,2025-01,69,Laptop,Android
A00401,V0039,M023,2025-03-26,2025-03,93,Mobile,SmartTV
A00402,V0039,M016,2025-04-22,2025-04,28,TV,iOS
A00403,V0040,M023,2025-05-04,2025-05,92,Laptop,Web
A00404,V0040,M022,2025-03-19,2025-03,27,Mobile,Web
A00405,V0040,M018,2025-03-29,2025-03,78,Laptop,Android
A00406,V0040,M006,2025-01-11,2025-01,44,Laptop,SmartTV
A00407,V0040,M004,2025-04-02,2025-04,30,Tablet,Android
A00408,V0040,M005,2025-01-10,2025-01,23,TV,SmartTV
A00409,V0040,M013,2025-01-17,2025-01,59,Tablet,SmartTV
A00410,V0040,M001,2025-01-10,2025-01,27,Laptop,iOS
A00411,V0040,M013,2025-01-31,2025-01,86,Tablet,Android
A00412,V0040,M024,2025-03-01,2025-03,24,TV,SmartTV
A00413,V0040,M021,2025-01-05,2025-01,99,Mobile,Android
A00414,V0040,M023,2025-02-03,2025-02,42,Mobile,Web
A00415,V0040,M004,2025-04-27,2025-04,41,Mobile,iOS
A00416,V0040,M004,2025-05-08,2025-05,98,TV,iOS
A00417,V0041,M014,2025-03-28,2025-03,71,Laptop,iOS
A00418,V0041,M022,2025-02-05,2025-02,47,Mobile,Android
A00419,V0041,M011,2025-01-17,2025-01,55,TV,SmartTV
A00420,V0041,M006,2025-04-05,2025-04,41,Tablet,Android
A00421,V0041,M019,2025-01-11,2025-01,32,Tablet,Android
A00422,V0041,M001,2025-05-05,2025-05,20,Mobile,Android
A00423,V0041,M003,2025-03-14,2025-03,80,TV,Android
A00424,V0041,M005,2025-03-11,2025-03,77,Tablet,Android
A00425,V0042,M020,2025-01-10,2025-01,43,Tablet,iOS
A00426,V0042,M021,2025-03-19,2025-03,73,Mobile,Android
A00427,V0042,M007,2025-01-31,2025-01,32,Laptop,Android
A00428,V0042,M015,2025-02-23,2025-02,26,TV,iOS
A00429,V0042,M005,2025-05-02,2025-05,42,TV,iOS
A00430,V0042,M002,2025-04-04,2025-04,46,Tablet,Web
A00431,V0042,M011,2025-04-27,2025-04,33,Mobile,Android
A00432,V0043,M001,2025-05-05,2025-05,34,Mobile,Android
A00433,V0043,M024,2025-04-24,2025-04,94,Laptop,SmartTV
A00434,V0043,M007,2025-03-25,2025-03,34,Laptop,Android
A00435,V0043,M004,2025-03-02,2025-03,72,TV,SmartTV
A00436,V0043,M008,2025-01-19,2025-01,94,Tablet,iOS
A00437,V0043,M014,2025-02-07,2025-02,98,Tablet,Android
A00438,V0043,M013,2025-04-06,2025-04,78,TV,Web
A00439,V0044,M007,2025-03-27,2025-03,24,Mobile,Web
A00440,V0044,M005,2025-01-29,2025-01,78,Tablet,Android
A00441,V0044,M025,2025-03-29,2025-03,57,TV,Android
A00442,V0044,M019,2025-02-28,2025-02,72,Tablet,Android
A00443,V0044,M019,2025-05-02,2025-05,55,Mobile,SmartTV
A00444,V0044,M024,2025-03-05,2025-03,61,Tablet,Android
A00445,V0044,M019,2025-02-08,2025-02,20,Tablet,iOS
A00446,V0044,M002,2025-05-01,2025-05,84,Mobile,SmartTV
A00447,V0044,M017,2025-04-11,2025-04,32,Tablet,SmartTV
A00448,V0044,M008,2025-01-22,2025-01,21,Tablet,Android
A00449,V0045,M012,2025-03-17,2025-03,31,Mobile,SmartTV
A00450,V0045,M022,2025-03-20,2025-03,78,Mobile,SmartTV
A00451,V0045,M015,2025-02-05,2025-02,71,TV,Web
A00452,V0045,M021,2025-04-29,2025-04,20,Mobile,SmartTV
A00453,V0045,M023,2025-03-27,2025-03,24,Laptop,SmartTV
A00454,V0045,M025,2025-03-11,2025-03,98,TV,iOS
A00455,V0046,M024,2025-01-15,2025-01,66,Mobile,iOS
A00456,V0046,M013,2025-04-04,2025-04,99,Mobile,Web
A00457,V0046,M012,2025-02-14,2025-02,91,Mobile,Android
A00458,V0046,M005,2025-03-27,2025-03,89,Mobile,SmartTV
A00459,V0046,M024,2025-02-23,2025-02,48,Laptop,Web
A00460,V0046,M009,2025-04-19,2025-04,26,Mobile,Web
A00461,V0046,M012,2025-04-26,2025-04,84,Mobile,SmartTV
A00462,V0046,M023,2025-03-16,2025-03,99,Laptop,iOS
A00463,V0046,M007,2025-04-28,2025-04,30,Tablet,Android
A00464,V0046,M010,2025-01-20,2025-01,41,Laptop,iOS
A00465,V0046,M023,2025-02-07,2025-02,39,TV,iOS
A00466,V0046,M010,2025-04-17,2025-04,89,TV,SmartTV
A00467,V0047,M014,2025-04-24,2025-04,22,Laptop,Android
A00468,V0047,M003,2025-01-06,2025-01,86,Laptop,SmartTV
A00469,V0047,M019,2025-03-29,2025-03,61,Tablet,SmartTV
A00470,V0047,M015,2025-03-19,2025-03,36,Laptop,Android
A00471,V0047,M009,2025-02-28,2025-02,67,Laptop,iOS
A00472,V0047,M005,2025-04-01,2025-04,78,TV,Android
A00473,V0047,M023,2025-03-15,2025-03,42,TV,Android
A00474,V0047,M008,2025-01-30,2025-01,60,TV,SmartTV
A00475,V0047,M009,2025-04-05,2025-04,46,Mobile,Web
A00476,V0047,M012,2025-02-07,2025-02,77,TV,Web
A00477,V0047,M004,2025-01-07,2025-01,83,TV,SmartTV
A00478,V0047,M011,2025-02-09,2025-02,89,Laptop,Web
A00479,V0047,M016,2025-03-16,2025-03,38,Tablet,Web
A00480,V0048,M024,2025-05-03,2025-05,37,Mobile,Web
A00481,V0048,M001,2025-04-13,2025-04,48,Tablet,Web
A00482,V0048,M003,2025-03-25,2025-03,97,TV,Android
A00483,V0048,M025,2025-03-13,2025-03,22,Mobile,SmartTV
A00484,V0048,M022,2025-01-23,2025-01,70,TV,SmartTV
A00485,V0049,M020,2025-01-15,2025-01,66,Tablet,Android
A00486,V0049,M023,2025-04-20,2025-04,69,Laptop,iOS
A00487,V0049,M010,2025-03-30,2025-03,59,Tablet,iOS
A00488,V0049,M007,2025-04-24,2025-04,73,Tablet,Web
A00489,V0049,M006,2025-04-19,2025-04,73,TV,iOS
A00490,V0049,M005,2025-02-23,2025-02,80,Laptop,iOS
A00491,V0049,M019,2025-04-07,2025-04,20,Tablet,Web
A00492,V0049,M014,2025-02-14,2025-02,79,TV,Android
A00493,V0049,M006,2025-04-08,2025-04,90,Tablet,iOS
A00494,V0049,M010,2025-03-19,2025-03,91,Tablet,Android
A00495,V0049,M001,2025-01-01,2025-01,53,Laptop,SmartTV
A00496,V0049,M004,2025-03-15,2025-03,42,Tablet,Android
A00497,V0050,M004,2025-03-12,2025-03,28,Laptop,SmartTV
A00498,V0050,M019,2025-04-22,2025-04,100,Tablet,iOS
A00499,V0051,M017,2025-01-05,2025-01,40,Mobile,Android
A00500,V0051,M011,2025-04-29,2025-04,37,Laptop,Android
A00501,V0051,M002,2025-03-11,2025-03,73,Laptop,iOS
A00502,V0051,M010,2025-03-16,2025-03,29,TV,Android
A00503,V0051,M025,2025-01-25,2025-01,41,Laptop,Web
A00504,V0051,M022,2025-03-19,2025-03,66,Mobile,Web
A00505,V0051,M005,2025-01-04,2025-01,86,Laptop,Web
A00506,V0051,M025,2025-05-05,2025-05,63,TV,iOS
A00507,V0051,M007,2025-02-09,2025-02,48,TV,iOS
A00508,V0051,M014,2025-04-28,2025-04,34,TV,iOS
A00509,V0051,M016,2025-03-31,2025-03,66,TV,SmartTV
A00510,V0051,M020,2025-03-29,2025-03,58,Mobile,iOS
A00511,V0051,M008,2025-02-02,2025-02,38,TV,Web
A00512,V0052,M007,2025-02-03,2025-02,74,Mobile,iOS
A00513,V0052,M001,2025-05-04,2025-05,25,TV,iOS
A00514,V0052,M002,2025-01-16,2025-01,35,Laptop,iOS
A00515,V0052,M003,2025-03-19,2025-03,21,Mobile,iOS
A00516,V0052,M020,2025-02-22,2025-02,45,TV,Web
A00517,V0052,M001,2025-01-24,2025-01,55,Laptop,Web
A00518,V0053,M017,2025-03-03,2025-03,92,Mobile,iOS
A00519,V0053,M019,2025-01-04,2025-01,47,TV,Web
A00520,V0053,M006,2025-01-02,2025-01,32,TV,SmartTV
A00521,V0053,M012,2025-02-17,2025-02,33,TV,Web
A00522,V0053,M013,2025-04-19,2025-04,85,TV,SmartTV
A00523,V0053,M004,2025-03-22,2025-03,79,Mobile,Android
A00524,V0053,M016,2025-04-03,2025-04,56,Mobile,iOS
A00525,V0054,M016,2025-01-30,2025-01,56,Tablet,Web
A00526,V0054,M022,2025-04-24,2025-04,90,Tablet,Web
A00527,V0054,M014,2025-02-18,2025-02,80,Laptop,Android
A00528,V0054,M001,2025-05-06,2025-05,33,Tablet,SmartTV
A00529,V0054,M017,2025-01-22,2025-01,38,Tablet,SmartTV
A00530,V0054,M023,2025-01-27,2025-01,41,Mobile,Web
A00531,V0054,M007,2025-03-28,2025-03,96,Tablet,iOS
A00532,V0054,M008,2025-04-19,2025-04,83,Laptop,Web
A00533,V0054,M025,2025-04-13,2025-04,80,Tablet,SmartTV
A00534,V0054,M017,2025-03-13,2025-03,78,Mobile,iOS
A00535,V0054,M009,2025-05-06,2025-05,49,TV,iOS
A00536,V0054,M004,2025-01-14,2025-01,83,Mobile,Android
A00537,V0055,M020,2025-03-25,2025-03,58,Mobile,iOS
A00538,V0055,M022,2025-05-07,2025-05,45,Laptop,SmartTV
A00539,V0055,M016,2025-03-08,2025-03,63,Mobile,iOS
A00540,V0055,M014,2025-01-31,2025-01,77,Laptop,SmartTV
A00541,V0055,M015,2025-04-28,2025-04,24,TV,Web
A00542,V0055,M023,2025-02-12,2025-02,75,TV,Web
A00543,V0055,M023,2025-04-10,2025-04,34,Tablet,SmartTV
A00544,V0055,M016,2025-02-10,2025-02,27,Tablet,Web
A00545,V0055,M016,2025-04-07,2025-04,65,Laptop,Web
A00546,V0055,M002,2025-01-08,2025-01,25,TV,Web
A00547,V0055,M012,2025-01-07,2025-01,63,Tablet,iOS
A00548,V0055,M014,2025-03-30,2025-03,72,Laptop,iOS
A00549,V0055,M022,2025-03-04,2025-03,50,Laptop,iOS
A00550,V0055,M023,2025-01-17,2025-01,34,Laptop,Android
A00551,V0056,M018,2025-03-25,2025-03,78,Tablet,SmartTV
A00552,V0056,M009,2025-01-06,2025-01,80,Mobile,Web
A00553,V0057,M019,2025-04-10,2025-04,93,Mobile,SmartTV
A00554,V0057,M004,2025-02-22,2025-02,83,Laptop,Android
A00555,V0057,M020,2025-03-18,2025-03,75,TV,SmartTV
A00556,V0057,M021,2025-01-20,2025-01,47,Laptop,Web
A00557,V0057,M002,2025-03-18,2025-03,71,TV,iOS
A00558,V0057,M023,2025-01-25,2025-01,63,Laptop,iOS
A00559,V0057,M019,2025-05-02,2025-05,46,Laptop,iOS
A00560,V0057,M021,2025-03-19,2025-03,58,Tablet,Web
A00561,V0057,M007,2025-04-17,2025-04,52,Tablet,Android
A00562,V0057,M001,2025-02-17,2025-02,83,TV,SmartTV
A00563,V0057,M009,2025-04-22,2025-04,100,Mobile,Android
A00564,V0057,M012,2025-04-29,2025-04,50,TV,Web
A00565,V0057,M014,2025-04-16,2025-04,28,TV,SmartTV
A00566,V0057,M009,2025-03-15,2025-03,40,Laptop,Android
A00567,V0058,M008,2025-01-30,2025-01,44,Mobile,Android
A00568,V0058,M010,2025-04-29,2025-04,91,Tablet,SmartTV
A00569,V0058,M021,2025-01-10,2025-01,40,Laptop,Android
A00570,V0058,M001,2025-03-08,2025-03,90,TV,iOS
A00571,V0058,M024,2025-05-05,2025-05,27,Mobile,Web
A00572,V0058,M020,2025-03-18,2025-03,72,Laptop,iOS
A00573,V0058,M013,2025-02-05,2025-02,34,Mobile,Web
A00574,V0058,M016,2025-01-24,2025-01,96,Mobile,Web
A00575,V0058,M011,2025-04-10,2025-04,50,Tablet,Android
A00576,V0058,M005,2025-01-28,2025-01,47,Laptop,SmartTV
A00577,V0058,M014,2025-03-07,2025-03,27,Tablet,Web
A00578,V0058,M023,2025-01-29,2025-01,89,Tablet,SmartTV
A00579,V0058,M022,2025-03-05,2025-03,38,Laptop,SmartTV
A00580,V0058,M023,2025-04-05,2025-04,22,Mobile,iOS
A00581,V0059,M009,2025-04-09,2025-04,66,Mobile,Android
A00582,V0059,M015,2025-04-10,2025-04,70,Laptop,Web
A00583,V0059,M003,2025-03-02,2025-03,46,TV,SmartTV
A00584,V0059,M021,2025-03-23,2025-03,72,Mobile,Web
A00585,V0059,M003,2025-05-06,2025-05,72,Laptop,SmartTV
A00586,V0059,M004,2025-02-11,2025-02,53,Mobile,Web
A00587,V0059,M014,2025-03-25,2025-03,23,Mobile,Android
A00588,V0059,M021,2025-04-24,2025-04,37,Mobile,SmartTV
A00589,V0059,M007,2025-03-20,2025-03,93,Mobile,iOS
A00590,V0060,M008,2025-02-03,2025-02,72,Laptop,SmartTV
A00591,V0060,M016,2025-02-04,2025-02,42,Laptop,Web
A00592,V0060,M007,2025-01-22,2025-01,67,TV,SmartTV
A00593,V0060,M013,2025-02-27,2025-02,22,TV,iOS
A00594,V0060,M015,2025-02-20,2025-02,41,Mobile,SmartTV
A00595,V0060,M020,2025-04-20,2025-04,53,TV,iOS
A00596,V0060,M012,2025-02-13,2025-02,35,Mobile,SmartTV
A00597,V0061,M022,2025-05-07,2025-05,48,TV,Android
A00598,V0061,M009,2025-03-15,2025-03,83,Tablet,Android
A00599,V0061,M014,2025-02-22,2025-02,47,Laptop,Android
A00600,V0061,M014,2025-02-16,2025-02,38,Mobile,Web
A00601,V0061,M009,2025-03-02,2025-03,77,TV,Web
A00602,V0061,M019,2025-04-28,2025-04,21,Tablet,Android
A00603,V0061,M011,2025-04-12,2025-04,47,Tablet,SmartTV
A00604,V0061,M024,2025-03-07,2025-03,32,Mobile,iOS
A00605,V0061,M011,2025-03-02,2025-03,65,Mobile,iOS
A00606,V0061,M009,2025-04-08,2025-04,70,Laptop,Android
A00607,V0061,M018,2025-01-11,2025-01,42,Laptop,Android
A00608,V0061,M017,2025-05-07,2025-05,79,TV,iOS
A00609,V0061,M011,2025-04-21,2025-04,53,Mobile,Web
A00610,V0061,M002,2025-02-02,2025-02,55,Laptop,SmartTV
A00611,V0061,M010,2025-03-09,2025-03,53,Laptop,SmartTV
A00612,V0061,M006,2025-03-22,2025-03,82,TV,SmartTV
A00613,V0062,M007,2025-02-08,2025-02,49,TV,iOS
A00614,V0062,M016,2025-03-08,2025-03,79,Tablet,iOS
A00615,V0062,M016,2025-01-11,2025-01,65,Tablet,SmartTV
A00616,V0063,M004,2025-02-07,2025-02,64,Mobile,Android
A00617,V0063,M010,2025-02-16,2025-02,85,Laptop,Android
A00618,V0063,M019,2025-01-02,2025-01,93,TV,SmartTV
A00619,V0063,M003,2025-03-05,2025-03,32,Laptop,iOS
A00620,V0063,M010,2025-02-01,2025-02,67,Mobile,Web
A00621,V0063,M005,2025-01-08,2025-01,78,Tablet,SmartTV
A00622,V0063,M021,2025-03-10,2025-03,20,Laptop,iOS
A00623,V0063,M021,2025-04-26,2025-04,92,TV,Android
A00624,V0063,M002,2025-03-14,2025-03,27,Mobile,SmartTV
A00625,V0063,M003,2025-04-13,2025-04,42,TV,SmartTV
A00626,V0063,M003,2025-01-06,2025-01,40,Tablet,SmartTV
A00627,V0063,M010,2025-02-09,2025-02,58,Tablet,SmartTV
A00628,V0063,M024,2025-03-21,2025-03,97,TV,Web
A00629,V0063,M022,2025-01-25,2025-01,85,TV,SmartTV
A00630,V0063,M015,2025-04-10,2025-04,54,Tablet,iOS
A00631,V0063,M025,2025-04-19,2025-04,98,TV,SmartTV
A00632,V0063,M021,2025-04-20,2025-04,25,Laptop,SmartTV
A00633,V0064,M021,2025-02-09,2025-02,87,Mobile,Web
A00634,V0064,M015,2025-04-22,2025-04,81,Laptop,Android
A00635,V0064,M005,2025-03-18,2025-03,86,Tablet,Web
A00636,V0064,M019,2025-01-13,2025-01,29,Mobile,iOS
A00637,V0064,M017,2025-04-19,2025-04,32,Tablet,Web
A00638,V0064,M012,2025-03-07,2025-03,30,Mobile,iOS
A00639,V0064,M024,2025-04-29,2025-04,43,Tablet,iOS
A00640,V0064,M003,2025-04-17,2025-04,58,Laptop,SmartTV
A00641,V0064,M025,2025-04-26,2025-04,53,Laptop,Android
A00642,V0065,M006,2025-01-21,2025-01,97,Laptop,iOS
A00643,V0065,M014,2025-01-05,2025-01,70,Mobile,iOS
A00644,V0065,M006,2025-05-03,2025-05,71,Tablet,Web
A00645,V0065,M020,2025-04-03,2025-04,70,Laptop,iOS
A00646,V0065,M005,2025-02-04,2025-02,44,Mobile,iOS
A00647,V0065,M023,2025-02-18,2025-02,46,Tablet,Android
A00648,V0065,M021,2025-03-03,2025-03,100,TV,iOS
A00649,V0065,M010,2025-04-29,2025-04,80,Tablet,iOS
A00650,V0066,M006,2025-02-09,2025-02,76,Tablet,SmartTV
A00651,V0066,M001,2025-04-26,2025-04,51,TV,Web
A00652,V0066,M019,2025-04-11,2025-04,62,Mobile,iOS
A00653,V0066,M021,2025-04-21,2025-04,83,Laptop,iOS
A00654,V0066,M016,2025-04-13,2025-04,85,Tablet,Android
A00655,V0067,M017,2025-01-05,2025-01,93,Laptop,iOS
A00656,V0067,M009,2025-04-17,2025-04,34,Tablet,Web
A00657,V0067,M015,2025-04-22,2025-04,40,Laptop,Android
A00658,V0068,M012,2025-04-23,2025-04,84,TV,Web
A00659,V0068,M020,2025-04-30,2025-04,57,Tablet,SmartTV
A00660,V0068,M022,2025-04-03,2025-04,40,TV,Web
A00661,V0068,M023,2025-01-23,2025-01,81,TV,Android
A00662,V0068,M007,2025-02-10,2025-02,82,Mobile,SmartTV
A00663,V0068,M016,2025-03-19,2025-03,46,Mobile,iOS
A00664,V0068,M012,2025-03-08,2025-03,40,TV,iOS
A00665,V0068,M003,2025-03-28,2025-03,34,TV,iOS
A00666,V0068,M018,2025-02-27,2025-02,53,Laptop,Web
A00667,V0068,M025,2025-01-12,2025-01,54,TV,iOS
A00668,V0068,M023,2025-01-13,2025-01,78,Mobile,iOS
A00669,V0068,M020,2025-01-27,2025-01,25,Mobile,Android
A00670,V0068,M021,2025-01-31,2025-01,66,TV,Web
A00671,V0068,M023,2025-04-24,2025-04,83,Mobile,Android
A00672,V0068,M021,2025-04-04,2025-04,37,Mobile,Android
A00673,V0068,M015,2025-04-17,2025-04,51,Tablet,Web
A00674,V0068,M010,2025-02-13,2025-02,54,Laptop,SmartTV
A00675,V0069,M021,2025-03-04,2025-03,87,Tablet,Android
A00676,V0069,M005,2025-04-20,2025-04,72,Tablet,Web
A00677,V0069,M001,2025-04-24,2025-04,21,Mobile,iOS
A00678,V0069,M011,2025-03-22,2025-03,41,Tablet,iOS
A00679,V0069,M013,2025-01-10,2025-01,39,Mobile,Web
A00680,V0069,M014,2025-04-13,2025-04,90,Laptop,Web
A00681,V0069,M012,2025-01-03,2025-01,87,TV,SmartTV
A00682,V0069,M015,2025-02-22,2025-02,99,Tablet,Web
A00683,V0069,M021,2025-04-14,2025-04,58,Mobile,iOS
A00684,V0069,M018,2025-03-27,2025-03,36,Laptop,Android
A00685,V0069,M003,2025-03-21,2025-03,63,TV,iOS
A00686,V0069,M001,2025-03-08,2025-03,58,Tablet,iOS
A00687,V0069,M024,2025-01-16,2025-01,53,Laptop,iOS
A00688,V0070,M025,2025-02-01,2025-02,58,Mobile,SmartTV
A00689,V0070,M011,2025-03-02,2025-03,94,TV,Web
A00690,V0070,M010,2025-03-14,2025-03,93,TV,SmartTV
A00691,V0071,M024,2025-03-05,2025-03,61,TV,Web
A00692,V0071,M015,2025-01-26,2025-01,74,Tablet,iOS
A00693,V0071,M003,2025-01-16,2025-01,36,Tablet,Android
A00694,V0071,M015,2025-01-20,2025-01,87,Tablet,SmartTV
A00695,V0071,M009,2025-05-08,2025-05,74,Tablet,SmartTV
A00696,V0071,M024,2025-04-17,2025-04,38,TV,SmartTV
A00697,V0071,M023,2025-04-28,2025-04,85,Mobile,Android
A00698,V0071,M015,2025-05-02,2025-05,40,Laptop,iOS
A00699,V0071,M020,2025-04-15,2025-04,35,Laptop,Web
A00700,V0071,M002,2025-02-09,2025-02,67,Laptop,Web
A00701,V0071,M010,2025-03-17,2025-03,23,TV,Android
A00702,V0071,M019,2025-04-18,2025-04,59,Laptop,Android
A00703,V0071,M006,2025-05-06,2025-05,35,Laptop,iOS
A00704,V0071,M002,2025-04-17,2025-04,93,Laptop,SmartTV
A00705,V0071,M011,2025-04-07,2025-04,97,TV,Android
A00706,V0071,M017,2025-04-28,2025-04,77,TV,Web
A00707,V0071,M003,2025-04-15,2025-04,49,Tablet,Web
A00708,V0071,M018,2025-01-12,2025-01,76,Laptop,iOS
A00709,V0072,M023,2025-01-07,2025-01,100,Laptop,iOS
A00710,V0072,M021,2025-01-22,2025-01,99,Mobile,Android
A00711,V0072,M025,2025-05-02,2025-05,22,Mobile,Android
A00712,V0072,M001,2025-03-12,2025-03,51,Tablet,iOS
A00713,V0072,M018,2025-03-24,2025-03,95,Mobile,SmartTV
A00714,V0072,M001,2025-03-29,2025-03,43,Tablet,iOS
A00715,V0072,M017,2025-03-23,2025-03,52,Mobile,iOS
A00716,V0073,M018,2025-02-13,2025-02,38,TV,Web
A00717,V0073,M025,2025-01-23,2025-01,59,Tablet,Android
A00718,V0073,M002,2025-03-25,2025-03,23,Mobile,Web
A00719,V0073,M013,2025-01-26,2025-01,38,Tablet,Web
A00720,V0073,M009,2025-04-07,2025-04,26,TV,Android
A00721,V0074,M008,2025-05-07,2025-05,84,Tablet,iOS
A00722,V0074,M009,2025-01-16,2025-01,79,Tablet,iOS
A00723,V0074,M016,2025-01-08,2025-01,49,Mobile,Web
A00724,V0074,M018,2025-01-26,2025-01,91,TV,Web
A00725,V0074,M019,2025-04-15,2025-04,30,TV,Android
A00726,V0074,M012,2025-02-13,2025-02,88,Tablet,SmartTV
A00727,V0074,M002,2025-01-01,2025-01,99,Laptop,Android
A00728,V0074,M001,2025-01-16,2025-01,54,Laptop,SmartTV
A00729,V0074,M012,2025-02-24,2025-02,85,Laptop,iOS
A00730,V0074,M006,2025-01-18,2025-01,31,Tablet,iOS
A00731,V0074,M005,2025-03-13,2025-03,46,Laptop,Web
A00732,V0074,M021,2025-03-08,2025-03,77,Laptop,Android
A00733,V0074,M022,2025-03-24,2025-03,46,Tablet,Web
A00734,V0074,M001,2025-02-04,2025-02,20,Tablet,iOS
A00735,V0074,M001,2025-02-14,2025-02,91,Tablet,SmartTV
A00736,V0074,M018,2025-01-21,2025-01,29,Mobile,SmartTV
A00737,V0074,M022,2025-02-01,2025-02,68,Laptop,SmartTV
A00738,V0074,M006,2025-01-03,2025-01,79,Laptop,Android
A00739,V0074,M015,2025-01-03,2025-01,22,Laptop,Web
A00740,V0074,M007,2025-01-24,2025-01,100,Laptop,Android
A00741,V0075,M016,2025-04-03,2025-04,55,Tablet,Android
A00742,V0075,M001,2025-02-20,2025-02,70,Mobile,Web
A00743,V0075,M019,2025-05-07,2025-05,90,TV,Android
A00744,V0075,M003,2025-02-02,2025-02,28,TV,Web
A00745,V0075,M019,2025-02-28,2025-02,55,TV,iOS
A00746,V0075,M023,2025-03-06,2025-03,91,Tablet,iOS
A00747,V0075,M014,2025-01-14,2025-01,75,Tablet,Web
A00748,V0075,M004,2025-04-30,2025-04,66,Mobile,Android
A00749,V0075,M002,2025-03-13,2025-03,88,Tablet,Web
A00750,V0076,M013,2025-02-19,2025-02,30,Mobile,Android
A00751,V0076,M023,2025-04-19,2025-04,51,TV,Android
A00752,V0077,M010,2025-01-17,2025-01,100,Mobile,iOS
A00753,V0077,M016,2025-04-21,2025-04,95,Laptop,Web
A00754,V0077,M008,2025-01-28,2025-01,50,Laptop,iOS
A00755,V0077,M011,2025-03-02,2025-03,96,Tablet,iOS
A00756,V0077,M021,2025-04-25,2025-04,35,Mobile,iOS
A00757,V0077,M002,2025-04-07,2025-04,28,TV,iOS
A00758,V0077,M015,2025-01-15,2025-01,98,Tablet,iOS
A00759,V0077,M004,2025-01-15,2025-01,26,Laptop,SmartTV
A00760,V0077,M013,2025-01-25,2025-01,72,TV,iOS
A00761,V0077,M015,2025-04-09,2025-04,74,Mobile,Web
A00762,V0077,M021,2025-01-07,2025-01,86,Laptop,Android
A00763,V0077,M004,2025-01-27,2025-01,96,Mobile,Android
A00764,V0078,M005,2025-03-07,2025-03,73,Tablet,SmartTV
A00765,V0078,M006,2025-03-04,2025-03,25,Mobile,Android
A00766,V0078,M010,2025-04-22,2025-04,65,Laptop,Android
A00767,V0078,M005,2025-05-01,2025-05,97,Laptop,Web
A00768,V0078,M012,2025-01-03,2025-01,95,TV,iOS
A00769,V0078,M008,2025-01-14,2025-01,64,TV,Android
A00770,V0078,M021,2025-02-21,2025-02,63,TV,SmartTV
A00771,V0078,M023,2025-04-30,2025-04,62,Laptop,Web
A00772,V0078,M014,2025-03-26,2025-03,33,Tablet,iOS
A00773,V0078,M016,2025-02-26,2025-02,48,TV,SmartTV
A00774,V0078,M020,2025-02-24,2025-02,81,Laptop,SmartTV
A00775,V0078,M007,2025-04-13,2025-04,20,Laptop,iOS
A00776,V0078,M003,2025-04-02,2025-04,91,Mobile,Android
A00777,V0078,M010,2025-04-23,2025-04,100,Laptop,iOS
A00778,V0078,M001,2025-02-20,2025-02,56,TV,Android
A00779,V0078,M009,2025-02-14,2025-02,90,TV,Android
A00780,V0078,M007,2025-01-06,2025-01,53,Mobile,iOS
A00781,V0078,M022,2025-02-05,2025-02,34,Laptop,Android
A00782,V0078,M010,2025-04-27,2025-04,67,Laptop,Android
A00783,V0078,M017,2025-04-22,2025-04,28,Mobile,Android
A00784,V0079,M007,2025-02-19,2025-02,68,Laptop,Web
A00785,V0079,M020,2025-04-20,2025-04,51,Mobile,Android
A00786,V0079,M018,2025-03-17,2025-03,61,TV,iOS
A00787,V0079,M021,2025-03-13,2025-03,85,Tablet,Android
A00788,V0079,M024,2025-01-21,2025-01,98,Mobile,Android
A00789,V0079,M017,2025-04-10,2025-04,85,Laptop,SmartTV
A00790,V0080,M015,2025-02-15,2025-02,67,Tablet,SmartTV
A00791,V0080,M016,2025-03-10,2025-03,71,Mobile,Android
A00792,V0080,M008,2025-02-21,2025-02,50,Tablet,Android
A00793,V0080,M010,2025-04-19,2025-04,93,TV,Web
A00794,V0080,M009,2025-01-22,2025-01,30,Laptop,SmartTV
A00795,V0080,M017,2025-04-01,2025-04,94,Mobile,SmartTV
A00796,V0080,M017,2025-03-28,2025-03,77,Tablet,SmartTV
A00797,V0080,M014,2025-04-05,2025-04,60,Laptop,SmartTV
A00798,V0080,M001,2025-02-15,2025-02,49,Laptop,iOS
A00799,V0080,M012,2025-01-22,2025-01,84,Mobile,Web
A00800,V0080,M008,2025-01-26,2025-01,29,Laptop,iOS
A00801,V0080,M018,2025-02-21,2025-02,45,Laptop,Web
A00802,V0080,M010,2025-03-12,2025-03,97,TV,Web
A00803,V0080,M001,2025-03-18,2025-03,64,Tablet,SmartTV
A00804,V0080,M019,2025-01-04,2025-01,85,TV,SmartTV
A00805,V0080,M008,2025-02-28,2025-02,46,Tablet,Android
A00806,V0080,M017,2025-04-30,2025-04,79,Laptop,iOS
A00807,V0080,M011,2025-02-18,2025-02,73,TV,SmartTV
A00808,V0081,M018,2025-01-08,2025-01,37,TV,Web
A00809,V0081,M024,2025-01-03,2025-01,65,Laptop,Android
A00810,V0081,M014,2025-04-19,2025-04,71,Laptop,Web
A00811,V0081,M019,2025-01-06,2025-01,24,TV,Android
A00812,V0081,M011,2025-04-11,2025-04,46,Tablet,iOS
A00813,V0081,M018,2025-04-09,2025-04,80,Mobile,Web
A00814,V0081,M019,2025-04-26,2025-04,58,Mobile,Android
A00815,V0081,M004,2025-02-15,2025-02,97,Tablet,iOS
A00816,V0081,M006,2025-02-20,2025-02,69,Laptop,Android
A00817,V0081,M008,2025-03-16,2025-03,87,Mobile,SmartTV
A00818,V0081,M002,2025-04-05,2025-04,21,TV,Web
A00819,V0081,M014,2025-04-11,2025-04,34,TV,SmartTV
A00820,V0081,M016,2025-01-18,2025-01,46,TV,Android
A00821,V0081,M010,2025-04-21,2025-04,80,TV,Web
A00822,V0081,M019,2025-02-21,2025-02,78,Laptop,Android
A00823,V0081,M001,2025-02-06,2025-02,28,Tablet,Android
A00824,V0082,M011,2025-05-06,2025-05,79,Mobile,iOS
A00825,V0082,M010,2025-04-27,2025-04,58,Tablet,Android
A00826,V0082,M014,2025-03-05,2025-03,99,Tablet,SmartTV
A00827,V0082,M013,2025-02-16,2025-02,92,Mobile,SmartTV
A00828,V0082,M023,2025-01-12,2025-01,40,Laptop,Web
A00829,V0082,M022,2025-01-18,2025-01,47,Tablet,SmartTV
A00830,V0082,M025,2025-02-01,2025-02,29,Mobile,Web
A00831,V0082,M014,2025-04-26,2025-04,52,TV,iOS
A00832,V0082,M015,2025-01-07,2025-01,79,Tablet,Web
A00833,V0082,M024,2025-04-13,2025-04,70,Mobile,iOS
A00834,V0082,M009,2025-01-30,2025-01,37,Laptop,SmartTV
A00835,V0082,M016,2025-04-29,2025-04,30,TV,SmartTV
A00836,V0082,M005,2025-05-01,2025-05,40,TV,iOS
A00837,V0082,M020,2025-01-26,2025-01,57,Mobile,SmartTV
A00838,V0082,M006,2025-01-20,2025-01,21,Laptop,Android
A00839,V0082,M015,2025-04-02,2025-04,47,Mobile,Android
A00840,V0082,M015,2025-01-13,2025-01,86,Mobile,SmartTV
A00841,V0082,M023,2025-03-20,2025-03,26,Mobile,iOS
A00842,V0083,M025,2025-02-21,2025-02,67,TV,Android
A00843,V0083,M003,2025-01-05,2025-01,23,Mobile,Web
A00844,V0083,M007,2025-01-17,2025-01,32,TV,Android
A00845,V0083,M002,2025-04-17,2025-04,33,Laptop,Web
A00846,V0083,M018,2025-02-18,2025-02,46,Tablet,SmartTV
A00847,V0083,M004,2025-03-01,2025-03,33,Laptop,Web
A00848,V0083,M006,2025-01-04,2025-01,60,Mobile,SmartTV
A00849,V0083,M007,2025-04-28,2025-04,28,Laptop,Web
A00850,V0083,M002,2025-01-18,2025-01,72,Laptop,SmartTV
A00851,V0083,M004,2025-02-13,2025-02,32,Laptop,SmartTV
A00852,V0083,M022,2025-02-04,2025-02,42,Laptop,SmartTV
A00853,V0083,M003,2025-03-27,2025-03,97,Tablet,SmartTV
A00854,V0083,M017,2025-03-01,2025-03,95,Mobile,Android
A00855,V0083,M001,2025-02-01,2025-02,50,Tablet,Android
A00856,V0084,M002,2025-02-05,2025-02,83,Laptop,Android
A00857,V0084,M005,2025-04-07,2025-04,24,TV,SmartTV
A00858,V0084,M024,2025-03-26,2025-03,55,Laptop,iOS
A00859,V0084,M017,2025-04-17,2025-04,56,Mobile,Android
A00860,V0085,M011,2025-03-04,2025-03,89,Mobile,Android
A00861,V0085,M022,2025-02-26,2025-02,68,Laptop,Android
A00862,V0085,M015,2025-01-02,2025-01,82,Mobile,Android
A00863,V0085,M002,2025-02-06,2025-02,36,Mobile,Android
A00864,V0085,M019,2025-02-22,2025-02,84,Mobile,SmartTV
A00865,V0085,M024,2025-04-30,2025-04,41,TV,Android
A00866,V0085,M014,2025-02-15,2025-02,51,Laptop,Web
A00867,V0085,M019,2025-04-25,2025-04,45,Laptop,SmartTV
A00868,V0085,M003,2025-04-03,2025-04,68,TV,SmartTV
A00869,V0085,M015,2025-04-19,2025-04,98,Tablet,Android
A00870,V0085,M016,2025-01-06,2025-01,74,Mobile,Web
A00871,V0085,M020,2025-02-09,2025-02,42,Laptop,SmartTV
A00872,V0086,M010,2025-04-27,2025-04,68,Tablet,iOS
A00873,V0086,M011,2025-02-04,2025-02,80,TV,Android
A00874,V0086,M007,2025-01-02,2025-01,84,Laptop,SmartTV
A00875,V0086,M013,2025-04-17,2025-04,67,Tablet,SmartTV
A00876,V0086,M010,2025-01-19,2025-01,24,Mobile,SmartTV
A00877,V0086,M019,2025-02-11,2025-02,75,Laptop,Web
A00878,V0086,M017,2025-05-06,2025-05,67,Mobile,SmartTV
A00879,V0086,M014,2025-03-05,2025-03,81,Mobile,Web
A00880,V0086,M021,2025-01-08,2025-01,38,Laptop,SmartTV
A00881,V0086,M022,2025-02-07,2025-02,51,TV,iOS
A00882,V0086,M004,2025-01-24,2025-01,69,Tablet,iOS
A00883,V0086,M017,2025-02-18,2025-02,41,Tablet,Web
A00884,V0086,M023,2025-03-19,2025-03,88,Tablet,Web
A00885,V0086,M024,2025-04-16,2025-04,31,Mobile,Web
A00886,V0086,M005,2025-03-10,2025-03,46,Tablet,Web
A00887,V0086,M001,2025-02-13,2025-02,20,Mobile,iOS
A00888,V0087,M017,2025-04-17,2025-04,56,Tablet,Android
A00889,V0087,M006,2025-04-06,2025-04,37,TV,SmartTV
A00890,V0087,M006,2025-01-29,2025-01,92,TV,Android
A00891,V0087,M007,2025-01-16,2025-01,43,TV,Web
A00892,V0087,M014,2025-04-23,2025-04,99,Mobile,Android
A00893,V0087,M003,2025-03-17,2025-03,68,Mobile,Web
A00894,V0087,M003,2025-03-29,2025-03,94,TV,SmartTV
A00895,V0087,M016,2025-01-26,2025-01,27,Laptop,iOS
A00896,V0087,M022,2025-01-11,2025-01,47,Mobile,SmartTV
A00897,V0087,M020,2025-03-10,2025-03,80,Laptop,SmartTV
A00898,V0087,M011,2025-04-05,2025-04,63,Laptop,Android
A00899,V0087,M012,2025-04-13,2025-04,98,Mobile,Web
A00900,V0087,M011,2025-01-26,2025-01,78,Tablet,Android
A00901,V0087,M001,2025-02-01,2025-02,55,TV,Web
A00902,V0087,M015,2025-05-02,2025-05,72,TV,iOS
A00903,V0088,M001,2025-04-03,2025-04,61,Tablet,Android
A00904,V0088,M020,2025-05-05,2025-05,98,Mobile,Web
A00905,V0088,M014,2025-05-02,2025-05,32,Tablet,Web
A00906,V0088,M020,2025-02-19,2025-02,38,Mobile,Android
A00907,V0088,M016,2025-01-23,2025-01,90,Tablet,Android
A00908,V0088,M015,2025-01-30,2025-01,89,TV,Android
A00909,V0088,M007,2025-02-13,2025-02,31,Mobile,SmartTV
A00910,V0088,M023,2025-01-08,2025-01,61,Tablet,Web
A00911,V0088,M008,2025-03-07,2025-03,80,Mobile,Android
A00912,V0088,M018,2025-05-06,2025-05,62,TV,iOS
A00913,V0088,M021,2025-03-29,2025-03,68,Tablet,Android
A00914,V0088,M008,2025-03-08,2025-03,57,Mobile,iOS
A00915,V0089,M011,2025-02-18,2025-02,34,Laptop,Android
A00916,V0089,M011,2025-04-08,2025-04,20,Laptop,iOS
A00917,V0089,M019,2025-02-18,2025-02,74,Laptop,Web
A00918,V0089,M022,2025-02-02,2025-02,97,TV,iOS
A00919,V0090,M001,2025-04-28,2025-04,38,Laptop,Android
A00920,V0090,M016,2025-04-27,2025-04,96,Laptop,Android
A00921,V0090,M024,2025-01-09,2025-01,60,Laptop,iOS
A00922,V0090,M009,2025-05-03,2025-05,47,Tablet,Web
A00923,V0090,M023,2025-04-07,2025-04,62,TV,Android
A00924,V0090,M024,2025-02-27,2025-02,26,TV,SmartTV
A00925,V0090,M024,2025-04-11,2025-04,40,Mobile,SmartTV
A00926,V0090,M011,2025-04-19,2025-04,80,Laptop,SmartTV
A00927,V0090,M013,2025-01-19,2025-01,56,Laptop,Android
A00928,V0090,M023,2025-04-11,2025-04,36,Laptop,iOS
A00929,V0090,M023,2025-03-19,2025-03,40,TV,SmartTV
A00930,V0090,M023,2025-05-04,2025-05,38,TV,Android
A00931,V0090,M024,2025-02-20,2025-02,21,Laptop,iOS
A00932,V0090,M022,2025-02-07,2025-02,74,TV,iOS
A00933,V0091,M012,2025-05-02,2025-05,26,Mobile,Web
A00934,V0091,M019,2025-04-22,2025-04,100,Tablet,Android
A00935,V0091,M002,2025-01-31,2025-01,70,Tablet,Web
A00936,V0091,M023,2025-02-14,2025-02,68,Mobile,SmartTV
A00937,V0091,M021,2025-04-08,2025-04,100,Tablet,Web
A00938,V0092,M004,2025-01-30,2025-01,35,Tablet,Android
A00939,V0092,M001,2025-05-03,2025-05,32,TV,SmartTV
A00940,V0093,M021,2025-04-22,2025-04,93,TV,iOS
A00941,V0093,M011,2025-01-17,2025-01,88,TV,SmartTV
A00942,V0093,M023,2025-01-06,2025-01,91,Tablet,iOS
A00943,V0093,M017,2025-02-01,2025-02,35,TV,Android
A00944,V0093,M001,2025-04-25,2025-04,35,Mobile,Android
A00945,V0093,M019,2025-02-22,2025-02,40,Mobile,Web
A00946,V0093,M025,2025-01-09,2025-01,35,Laptop,Web
A00947,V0093,M018,2025-02-13,2025-02,20,TV,Web
A00948,V0093,M002,2025-03-17,2025-03,88,Tablet,Android
A00949,V0093,M019,2025-05-06,2025-05,60,Laptop,Android
A00950,V0093,M023,2025-01-26,2025-01,25,TV,iOS
A00951,V0093,M007,2025-02-06,2025-02,47,TV,Android
A00952,V0093,M019,2025-04-02,2025-04,36,Tablet,iOS
A00953,V0093,M018,2025-03-07,2025-03,68,TV,SmartTV
A00954,V0093,M015,2025-01-22,2025-01,74,TV,Android
A00955,V0093,M003,2025-03-10,2025-03,44,Laptop,Android
A00956,V0093,M014,2025-02-09,2025-02,75,Tablet,iOS
A00957,V0094,M003,2025-03-11,2025-03,88,Mobile,SmartTV
A00958,V0094,M003,2025-03-26,2025-03,31,Laptop,Web
A00959,V0094,M025,2025-03-11,2025-03,48,Laptop,iOS
A00960,V0094,M004,2025-04-07,2025-04,68,Mobile,iOS
A00961,V0094,M006,2025-03-20,2025-03,82,Mobile,Web
A00962,V0094,M023,2025-03-14,2025-03,54,Mobile,iOS
A00963,V0094,M006,2025-03-23,2025-03,43,Laptop,SmartTV
A00964,V0094,M016,2025-02-02,2025-02,21,TV,Android
A00965,V0094,M005,2025-04-07,2025-04,54,Mobile,Web
A00966,V0095,M022,2025-04-18,2025-04,78,TV,SmartTV
A00967,V0095,M012,2025-04-30,2025-04,56,Laptop,SmartTV
A00968,V0095,M017,2025-02-28,2025-02,31,Laptop,SmartTV
A00969,V0095,M025,2025-03-22,2025-03,30,Mobile,Android
A00970,V0095,M003,2025-02-12,2025-02,27,Mobile,Web
A00971,V0095,M018,2025-05-07,2025-05,74,TV,SmartTV
A00972,V0095,M016,2025-02-01,2025-02,21,TV,iOS
A00973,V0095,M023,2025-04-19,2025-04,88,Laptop,Android
A00974,V0095,M024,2025-01-11,2025-01,77,TV,Android
A00975,V0096,M003,2025-04-04,2025-04,85,Laptop,iOS
A00976,V0096,M014,2025-05-07,2025-05,41,Laptop,iOS
A00977,V0096,M011,2025-03-05,2025-03,35,Laptop,Web
A00978,V0096,M016,2025-03-17,2025-03,47,Mobile,SmartTV
A00979,V0096,M007,2025-03-20,2025-03,85,Mobile,SmartTV
A00980,V0096,M020,2025-05-05,2025-05,65,Mobile,SmartTV
A00981,V0096,M011,2025-03-18,2025-03,33,Mobile,Web
A00982,V0097,M013,2025-04-01,2025-04,32,Tablet,SmartTV
A00983,V0097,M007,2025-01-22,2025-01,85,TV,SmartTV
A00984,V0097,M004,2025-05-05,2025-05,39,Laptop,Android
A00985,V0097,M016,2025-04-12,2025-04,58,Laptop,SmartTV
A00986,V0097,M006,2025-03-10,2025-03,76,Tablet,Android
A00987,V0097,M005,2025-04-01,2025-04,75,Mobile,Web
A00988,V0097,M023,2025-02-20,2025-02,44,Laptop,iOS
A00989,V0098,M013,2025-04-18,2025-04,62,Mobile,Android
A00990,V0098,M022,2025-02-20,2025-02,54,Mobile,SmartTV
A00991,V0098,M016,2025-05-07,2025-05,36,Laptop,SmartTV
A00992,V0098,M017,2025-04-10,2025-04,34,Mobile,iOS
A00993,V0098,M005,2025-02-09,2025-02,84,Mobile,Android
A00994,V0098,M002,2025-03-29,2025-03,96,Mobile,SmartTV
A00995,V0099,M010,2025-03-14,2025-03,30,Tablet,Android
A00996,V0099,M020,2025-02-09,2025-02,85,TV,Android
A00997,V0099,M009,2025-01-30,2025-01,51,Tablet,Android
A00998,V0099,M016,2025-01-27,2025-01,84,TV,Android
A00999,V0099,M019,2025-02-08,2025-02,35,TV,SmartTV
A01000,V0099,M002,2025-03-12,2025-03,38,Tablet,iOS
A01001,V0099,M020,2025-02-21,2025-02,26,Tablet,SmartTV
A01002,V0099,M017,2025-03-20,2025-03,49,TV,Web
A01003,V0099,M014,2025-05-03,2025-05,85,Tablet,iOS
A01004,V0099,M010,2025-01-29,2025-01,66,Laptop,Web
A01005,V0099,M023,2025-04-18,2025-04,60,Mobile,Android
A01006,V0099,M002,2025-01-01,2025-01,61,TV,Web
A01007,V0099,M016,2025-03-13,2025-03,32,Tablet,Android
A01008,V0099,M009,2025-05-06,2025-05,62,Laptop,iOS
A01009,V0099,M004,2025-01-04,2025-01,90,TV,Web
A01010,V0099,M012,2025-04-03,2025-04,95,Laptop,Android
A01011,V0099,M021,2025-03-12,2025-03,94,Tablet,iOS
A01012,V0100,M005,2025-01-31,2025-01,95,TV,Android
A01013,V0100,M023,2025-04-25,2025-04,29,Laptop,Web
A01014,V0100,M024,2025-05-02,2025-05,88,TV,iOS
A01015,V0100,M005,2025-02-19,2025-02,90,Laptop,Web
A01016,V0100,M012,2025-04-25,2025-04,35,Tablet,iOS
A01017,V0101,M014,2025-01-06,2025-01,96,Laptop,Android
A01018,V0101,M010,2025-01-12,2025-01,27,TV,SmartTV
A01019,V0101,M016,2025-01-20,2025-01,76,Tablet,SmartTV
A01020,V0101,M013,2025-03-11,2025-03,43,Mobile,Android
A01021,V0101,M019,2025-02-25,2025-02,21,Tablet,Web
A01022,V0101,M010,2025-02-26,2025-02,54,Mobile,Android
A01023,V0101,M008,2025-01-12,2025-01,50,Laptop,iOS
A01024,V0101,M021,2025-02-07,2025-02,37,Laptop,iOS
A01025,V0101,M021,2025-03-05,2025-03,88,Mobile,iOS
A01026,V0101,M021,2025-03-30,2025-03,97,Laptop,Web
A01027,V0101,M003,2025-03-09,2025-03,37,Tablet,Web
A01028,V0101,M011,2025-01-15,2025-01,21,Laptop,Android
A01029,V0101,M024,2025-03-13,2025-03,52,Mobile,iOS
A01030,V0101,M024,2025-04-08,2025-04,52,TV,SmartTV
A01031,V0101,M008,2025-03-25,2025-03,46,Tablet,Android
A01032,V0101,M015,2025-03-01,2025-03,75,Laptop,Android
A01033,V0101,M016,2025-01-24,2025-01,43,Tablet,Android
A01034,V0102,M007,2025-05-06,2025-05,43,Laptop,iOS
A01035,V0102,M010,2025-02-11,2025-02,70,TV,iOS
A01036,V0102,M005,2025-01-19,2025-01,51,Tablet,SmartTV
A01037,V0102,M004,2025-02-05,2025-02,21,Mobile,SmartTV
A01038,V0102,M013,2025-01-06,2025-01,21,Mobile,Android
A01039,V0102,M008,2025-01-22,2025-01,38,Mobile,iOS
A01040,V0102,M004,2025-03-28,2025-03,30,TV,Android
A01041,V0103,M025,2025-04-24,2025-04,59,Laptop,SmartTV
A01042,V0103,M005,2025-03-04,2025-03,89,Laptop,iOS
A01043,V0103,M001,2025-01-12,2025-01,89,Laptop,iOS
A01044,V0103,M017,2025-04-17,2025-04,20,TV,iOS
A01045,V0103,M008,2025-04-20,2025-04,38,Laptop,Web
A01046,V0103,M008,2025-04-09,2025-04,34,Tablet,Android
A01047,V0103,M004,2025-02-27,2025-02,56,Laptop,iOS
A01048,V0103,M020,2025-03-27,2025-03,66,Mobile,iOS
A01049,V0103,M020,2025-02-08,2025-02,74,Laptop,Android
A01050,V0103,M022,2025-04-19,2025-04,58,Laptop,Web
A01051,V0103,M004,2025-03-11,2025-03,67,Laptop,iOS
A01052,V0103,M001,2025-02-08,2025-02,38,Laptop,Android
A01053,V0103,M013,2025-04-25,2025-04,81,Mobile,iOS
A01054,V0103,M019,2025-04-20,2025-04,55,TV,iOS
A01055,V0103,M011,2025-02-02,2025-02,69,Laptop,Web
A01056,V0103,M016,2025-04-19,2025-04,72,Laptop,Android
A01057,V0103,M021,2025-03-04,2025-03,73,Tablet,SmartTV
A01058,V0104,M018,2025-02-28,2025-02,30,Tablet,Android
A01059,V0104,M023,2025-01-23,2025-01,66,Mobile,Android
A01060,V0104,M001,2025-04-03,2025-04,80,TV,iOS
A01061,V0104,M002,2025-03-31,2025-03,37,Laptop,SmartTV
A01062,V0104,M005,2025-04-18,2025-04,46,TV,iOS
A01063,V0104,M024,2025-02-05,2025-02,38,Tablet,iOS
A01064,V0104,M023,2025-04-19,2025-04,26,Mobile,iOS
A01065,V0104,M016,2025-02-10,2025-02,38,Laptop,Android
A01066,V0104,M003,2025-03-04,2025-03,21,Tablet,Android
A01067,V0104,M025,2025-02-16,2025-02,37,Laptop,SmartTV
A01068,V0104,M014,2025-03-28,2025-03,21,Laptop,iOS
A01069,V0104,M005,2025-01-16,2025-01,24,TV,Android
A01070,V0104,M001,2025-04-12,2025-04,78,Laptop,Web
A01071,V0104,M023,2025-02-28,2025-02,40,Laptop,iOS
A01072,V0104,M017,2025-04-07,2025-04,47,Tablet,iOS
A01073,V0104,M008,2025-04-11,2025-04,91,Mobile,SmartTV
A01074,V0104,M016,2025-03-22,2025-03,71,Tablet,Android
A01075,V0104,M002,2025-04-06,2025-04,74,TV,Web
A01076,V0104,M004,2025-01-27,2025-01,66,Laptop,iOS
A01077,V0105,M010,2025-02-11,2025-02,33,Mobile,Android
A01078,V0105,M020,2025-01-03,2025-01,44,TV,iOS
A01079,V0105,M008,2025-03-10,2025-03,92,Mobile,SmartTV
A01080,V0105,M002,2025-01-13,2025-01,31,Laptop,iOS
A01081,V0105,M012,2025-03-14,2025-03,84,TV,Web
A01082,V0105,M025,2025-04-11,2025-04,65,TV,iOS
A01083,V0105,M011,2025-04-15,2025-04,84,Mobile,Android
A01084,V0105,M001,2025-04-08,2025-04,95,Mobile,Web
A01085,V0105,M006,2025-02-08,2025-02,79,Mobile,iOS
A01086,V0106,M007,2025-02-06,2025-02,40,Laptop,SmartTV
A01087,V0106,M005,2025-03-28,2025-03,66,Tablet,iOS
A01088,V0106,M023,2025-04-10,2025-04,46,Mobile,Android
A01089,V0106,M019,2025-05-08,2025-05,21,TV,Web
A01090,V0106,M018,2025-01-23,2025-01,32,Tablet,Web
A01091,V0106,M006,2025-03-17,2025-03,28,Laptop,Web
A01092,V0106,M012,2025-01-23,2025-01,42,Tablet,Web
A01093,V0106,M016,2025-03-07,2025-03,37,Mobile,SmartTV
A01094,V0106,M002,2025-04-04,2025-04,71,Tablet,Android
A01095,V0107,M012,2025-03-22,2025-03,30,Tablet,SmartTV
A01096,V0107,M009,2025-01-11,2025-01,27,TV,iOS
A01097,V0107,M005,2025-01-27,2025-01,68,TV,SmartTV
A01098,V0107,M003,2025-02-27,2025-02,79,Mobile,Web
A01099,V0107,M015,2025-04-30,2025-04,88,Tablet,iOS
A01100,V0107,M003,2025-02-16,2025-02,33,Tablet,SmartTV
A01101,V0107,M007,2025-04-13,2025-04,28,Laptop,Web
A01102,V0107,M020,2025-05-05,2025-05,80,Mobile,Web
A01103,V0107,M015,2025-01-10,2025-01,39,Tablet,Android
A01104,V0107,M021,2025-02-24,2025-02,92,Mobile,SmartTV
A01105,V0107,M002,2025-04-03,2025-04,80,TV,iOS
A01106,V0107,M007,2025-01-06,2025-01,74,Laptop,Web
A01107,V0107,M021,2025-02-15,2025-02,38,Mobile,Web
A01108,V0107,M013,2025-01-21,2025-01,77,Tablet,Android
A01109,V0107,M022,2025-03-08,2025-03,26,Mobile,SmartTV
A01110,V0107,M011,2025-03-18,2025-03,45,Laptop,SmartTV
A01111,V0108,M016,2025-02-11,2025-02,75,Laptop,SmartTV
A01112,V0108,M001,2025-02-20,2025-02,94,TV,Web
A01113,V0108,M022,2025-03-23,2025-03,39,Tablet,Android
A01114,V0108,M016,2025-03-23,2025-03,72,Laptop,iOS
A01115,V0108,M015,2025-02-02,2025-02,77,Mobile,iOS
A01116,V0108,M007,2025-02-18,2025-02,89,TV,SmartTV
A01117,V0108,M007,2025-03-31,2025-03,44,Mobile,Web
A01118,V0108,M012,2025-01-05,2025-01,59,Mobile,SmartTV
A01119,V0108,M021,2025-04-27,2025-04,72,Laptop,Web
A01120,V0108,M018,2025-04-20,2025-04,62,Mobile,Android
A01121,V0108,M015,2025-04-20,2025-04,42,TV,SmartTV
A01122,V0108,M013,2025-03-14,2025-03,75,Laptop,iOS
A01123,V0108,M003,2025-01-27,2025-01,22,Tablet,iOS
A01124,V0108,M016,2025-01-26,2025-01,76,Mobile,Web
A01125,V0108,M014,2025-02-24,2025-02,78,Tablet,iOS
A01126,V0108,M007,2025-05-01,2025-05,64,Tablet,SmartTV
A01127,V0108,M021,2025-04-12,2025-04,67,TV,Web
A01128,V0109,M022,2025-03-09,2025-03,73,TV,iOS
A01129,V0109,M014,2025-01-09,2025-01,23,TV,Web
A01130,V0109,M017,2025-03-23,2025-03,41,Tablet,Android
A01131,V0109,M018,2025-04-11,2025-04,98,Tablet,iOS
A01132,V0109,M019,2025-04-20,2025-04,69,TV,SmartTV
A01133,V0109,M011,2025-02-10,2025-02,49,Mobile,Android
A01134,V0109,M017,2025-01-31,2025-01,93,Tablet,Web
A01135,V0109,M018,2025-02-10,2025-02,46,Mobile,iOS
A01136,V0109,M001,2025-04-22,2025-04,100,TV,iOS
A01137,V0109,M020,2025-01-21,2025-01,68,Mobile,Android
A01138,V0110,M021,2025-04-02,2025-04,50,TV,Web
A01139,V0110,M007,2025-03-04,2025-03,68,Laptop,iOS
A01140,V0110,M009,2025-01-22,2025-01,100,Mobile,iOS
A01141,V0110,M004,2025-04-28,2025-04,35,Mobile,Android
A01142,V0110,M010,2025-03-09,2025-03,31,Mobile,SmartTV
A01143,V0110,M012,2025-02-23,2025-02,32,Tablet,iOS
A01144,V0110,M014,2025-01-19,2025-01,100,Mobile,Android
A01145,V0110,M022,2025-04-18,2025-04,60,Tablet,Android
A01146,V0110,M006,2025-03-18,2025-03,42,Mobile,iOS
A01147,V0110,M011,2025-03-30,2025-03,98,Mobile,Android
A01148,V0110,M017,2025-03-07,2025-03,44,Mobile,iOS
A01149,V0110,M017,2025-02-09,2025-02,66,Mobile,Android
A01150,V0110,M001,2025-03-25,2025-03,48,Mobile,Android
A01151,V0110,M009,2025-03-12,2025-03,45,Mobile,Web
A01152,V0110,M023,2025-03-17,2025-03,83,Tablet,SmartTV
A01153,V0110,M007,2025-03-06,2025-03,45,Laptop,SmartTV
A01154,V0111,M019,2025-03-21,2025-03,46,Tablet,SmartTV
A01155,V0111,M015,2025-04-19,2025-04,54,Laptop,iOS
A01156,V0111,M020,2025-04-09,2025-04,45,Laptop,Web
A01157,V0111,M021,2025-01-17,2025-01,41,Mobile,Web
A01158,V0111,M019,2025-04-15,2025-04,97,Laptop,SmartTV
A01159,V0112,M004,2025-02-16,2025-02,74,TV,Web
A01160,V0112,M008,2025-01-19,2025-01,67,Laptop,Android
A01161,V0113,M004,2025-01-03,2025-01,21,Laptop,Android
A01162,V0113,M015,2025-03-24,2025-03,91,Mobile,SmartTV
A01163,V0113,M010,2025-02-24,2025-02,47,Mobile,Web
A01164,V0113,M023,2025-01-20,2025-01,73,Tablet,Web
A01165,V0113,M011,2025-02-20,2025-02,26,Tablet,SmartTV
A01166,V0113,M002,2025-03-12,2025-03,35,Mobile,SmartTV
A01167,V0113,M006,2025-03-25,2025-03,69,TV,iOS
A01168,V0113,M010,2025-01-05,2025-01,93,Mobile,SmartTV
A01169,V0113,M010,2025-02-03,2025-02,24,Mobile,Web
A01170,V0113,M021,2025-01-05,2025-01,80,Mobile,SmartTV
A01171,V0113,M024,2025-03-19,2025-03,60,Laptop,SmartTV
A01172,V0113,M003,2025-03-22,2025-03,98,Mobile,SmartTV
A01173,V0114,M023,2025-04-27,2025-04,35,Laptop,iOS
A01174,V0114,M001,2025-02-27,2025-02,21,TV,iOS
A01175,V0114,M011,2025-04-22,2025-04,41,Mobile,Android
A01176,V0114,M024,2025-04-05,2025-04,20,Mobile,Web
A01177,V0114,M002,2025-01-29,2025-01,58,Mobile,Web
A01178,V0114,M011,2025-04-08,2025-04,41,TV,SmartTV
A01179,V0114,M004,2025-02-02,2025-02,38,Tablet,SmartTV
A01180,V0114,M022,2025-02-01,2025-02,87,TV,SmartTV
A01181,V0114,M022,2025-05-06,2025-05,61,Tablet,Android
A01182,V0114,M003,2025-03-09,2025-03,30,Laptop,Android
A01183,V0114,M022,2025-02-22,2025-02,29,Mobile,SmartTV
A01184,V0115,M007,2025-01-04,2025-01,47,Tablet,SmartTV
A01185,V0115,M007,2025-05-05,2025-05,63,TV,Web
A01186,V0115,M025,2025-03-21,2025-03,78,TV,iOS
A01187,V0116,M008,2025-04-04,2025-04,77,TV,SmartTV
A01188,V0116,M007,2025-01-18,2025-01,74,TV,Web
A01189,V0116,M019,2025-01-27,2025-01,79,Mobile,iOS
A01190,V0116,M008,2025-01-05,2025-01,43,Laptop,iOS
A01191,V0116,M016,2025-04-26,2025-04,53,Mobile,iOS
A01192,V0116,M012,2025-04-21,2025-04,39,Tablet,SmartTV
A01193,V0117,M011,2025-01-14,2025-01,54,Laptop,iOS
A01194,V0117,M002,2025-04-08,2025-04,74,TV,Web
A01195,V0117,M007,2025-04-14,2025-04,96,Laptop,SmartTV
A01196,V0117,M017,2025-04-21,2025-04,26,TV,iOS
A01197,V0117,M008,2025-01-30,2025-01,24,Laptop,Android
A01198,V0117,M003,2025-01-26,2025-01,48,Tablet,SmartTV
A01199,V0117,M013,2025-01-26,2025-01,54,Tablet,Android
A01200,V0117,M006,2025-02-22,2025-02,56,Laptop,iOS
A01201,V0117,M004,2025-02-17,2025-02,99,Tablet,Web
A01202,V0117,M023,2025-03-03,2025-03,60,Mobile,Android
A01203,V0117,M006,2025-03-27,2025-03,38,Mobile,SmartTV
A01204,V0117,M014,2025-03-27,2025-03,42,Laptop,iOS
A01205,V0117,M006,2025-01-03,2025-01,65,Tablet,iOS
A01206,V0117,M016,2025-03-05,2025-03,34,Mobile,iOS
A01207,V0117,M019,2025-03-16,2025-03,87,TV,Android
A01208,V0117,M025,2025-01-25,2025-01,58,Laptop,SmartTV
A01209,V0117,M016,2025-03-31,2025-03,52,Tablet,Web
A01210,V0117,M012,2025-04-28,2025-04,65,Laptop,Web
A01211,V0118,M025,2025-05-04,2025-05,54,Mobile,Android
A01212,V0118,M014,2025-02-26,2025-02,38,Laptop,SmartTV
A01213,V0118,M001,2025-03-04,2025-03,75,Laptop,Android
A01214,V0118,M024,2025-01-23,2025-01,68,Mobile,Web
A01215,V0118,M021,2025-04-26,2025-04,42,Laptop,Web
A01216,V0118,M011,2025-04-11,2025-04,73,Laptop,Web
A01217,V0118,M007,2025-01-11,2025-01,86,Laptop,iOS
A01218,V0118,M014,2025-04-27,2025-04,64,Laptop,iOS
A01219,V0118,M001,2025-05-08,2025-05,38,Tablet,Android
A01220,V0118,M017,2025-03-16,2025-03,91,TV,Web
A01221,V0118,M016,2025-03-15,2025-03,57,Mobile,SmartTV
A01222,V0118,M002,2025-02-25,2025-02,95,Mobile,iOS
A01223,V0118,M016,2025-03-20,2025-03,75,Laptop,iOS
A01224,V0118,M002,2025-03-06,2025-03,64,Laptop,Android
A01225,V0118,M003,2025-03-11,2025-03,45,Tablet,iOS
A01226,V0118,M010,2025-02-26,2025-02,80,Laptop,Android
A01227,V0118,M022,2025-04-09,2025-04,71,Mobile,Web
A01228,V0118,M010,2025-03-21,2025-03,92,Tablet,Web
A01229,V0119,M005,2025-02-21,2025-02,37,Tablet,Android
A01230,V0119,M010,2025-03-20,2025-03,58,Tablet,Android
A01231,V0119,M013,2025-04-22,2025-04,37,Tablet,Web
A01232,V0119,M017,2025-04-02,2025-04,65,Tablet,SmartTV
A01233,V0119,M014,2025-04-16,2025-04,23,Mobile,SmartTV
A01234,V0119,M003,2025-02-05,2025-02,58,TV,Web
A01235,V0119,M005,2025-03-17,2025-03,70,TV,SmartTV
A01236,V0119,M022,2025-01-02,2025-01,86,Tablet,iOS
A01237,V0119,M003,2025-01-15,2025-01,33,Laptop,iOS
A01238,V0119,M010,2025-05-04,2025-05,62,Mobile,iOS
A01239,V0119,M024,2025-01-14,2025-01,46,TV,SmartTV
A01240,V0119,M005,2025-02-27,2025-02,39,Laptop,Web
A01241,V0119,M024,2025-01-02,2025-01,99,TV,iOS
A01242,V0119,M003,2025-01-01,2025-01,97,Mobile,iOS
A01243,V0119,M008,2025-02-22,2025-02,80,Mobile,SmartTV
A01244,V0119,M013,2025-01-15,2025-01,58,Tablet,SmartTV
A01245,V0119,M006,2025-03-02,2025-03,53,Tablet,iOS
A01246,V0119,M014,2025-02-07,2025-02,22,TV,Android
A01247,V0119,M024,2025-03-03,2025-03,85,TV,SmartTV
A01248,V0119,M016,2025-03-16,2025-03,32,Tablet,Web
A01249,V0120,M013,2025-04-09,2025-04,33,Tablet,SmartTV
A01250,V0120,M014,2025-02-07,2025-02,56,Tablet,iOS
A01251,V0120,M019,2025-04-10,2025-04,94,Laptop,iOS
A01252,V0120,M021,2025-04-24,2025-04,65,TV,SmartTV
A01253,V0120,M024,2025-04-28,2025-04,21,TV,Web
A01254,V0120,M017,2025-02-23,2025-02,87,Tablet,iOS
A01255,V0120,M006,2025-02-08,2025-02,92,Laptop,SmartTV
A01256,V0120,M023,2025-02-05,2025-02,58,Tablet,iOS
A01257,V0120,M021,2025-05-04,2025-05,80,TV,Web
A01258,V0120,M005,2025-03-24,2025-03,94,Laptop,SmartTV
A01259,V0121,M002,2025-01-08,2025-01,40,TV,iOS
A01260,V0121,M022,2025-01-28,2025-01,80,Laptop,Android
A01261,V0121,M025,2025-03-02,2025-03,42,Tablet,SmartTV
A01262,V0121,M003,2025-01-16,2025-01,52,Mobile,iOS
A01263,V0122,M015,2025-04-06,2025-04,100,Mobile,Android
A01264,V0122,M011,2025-01-28,2025-01,77,Tablet,Android
A01265,V0122,M021,2025-02-21,2025-02,52,Tablet,SmartTV
A01266,V0122,M022,2025-03-15,2025-03,45,TV,SmartTV
A01267,V0123,M007,2025-01-23,2025-01,23,Mobile,Android
A01268,V0123,M002,2025-02-05,2025-02,66,Tablet,iOS
A01269,V0123,M011,2025-02-17,2025-02,87,Tablet,Android
A01270,V0123,M007,2025-05-02,2025-05,65,Laptop,Android
A01271,V0123,M003,2025-04-23,2025-04,100,Tablet,iOS
A01272,V0123,M019,2025-01-21,2025-01,86,Laptop,iOS
A01273,V0123,M004,2025-05-08,2025-05,26,Laptop,iOS
A01274,V0123,M008,2025-03-16,2025-03,69,Laptop,iOS
A01275,V0123,M006,2025-03-15,2025-03,88,TV,Web
A01276,V0123,M013,2025-01-15,2025-01,34,Tablet,Web
A01277,V0123,M021,2025-01-08,2025-01,63,Tablet,Web
A01278,V0123,M007,2025-03-27,2025-03,37,TV,Web
A01279,V0123,M025,2025-01-16,2025-01,83,Mobile,iOS
A01280,V0123,M012,2025-01-19,2025-01,96,Mobile,SmartTV
A01281,V0123,M005,2025-03-11,2025-03,25,Mobile,iOS
A01282,V0123,M016,2025-02-27,2025-02,64,Tablet,SmartTV
A01283,V0123,M010,2025-02-28,2025-02,27,Mobile,Android
A01284,V0123,M018,2025-04-08,2025-04,22,Tablet,iOS
A01285,V0124,M025,2025-04-07,2025-04,36,Tablet,SmartTV
A01286,V0124,M018,2025-02-05,2025-02,76,Mobile,Web
A01287,V0124,M012,2025-02-19,2025-02,75,Mobile,Android
A01288,V0124,M008,2025-01-24,2025-01,21,TV,SmartTV
A01289,V0124,M024,2025-01-12,2025-01,51,Mobile,iOS
A01290,V0124,M002,2025-02-02,2025-02,43,Laptop,iOS
A01291,V0124,M011,2025-03-31,2025-03,51,Laptop,Android
A01292,V0124,M020,2025-04-12,2025-04,35,Mobile,iOS
A01293,V0124,M009,2025-02-22,2025-02,65,TV,SmartTV
A01294,V0124,M023,2025-03-19,2025-03,90,Laptop,Android
A01295,V0124,M017,2025-03-10,2025-03,89,Mobile,iOS
A01296,V0124,M012,2025-04-16,2025-04,99,Tablet,Web
A01297,V0124,M003,2025-02-22,2025-02,86,TV,Web
A01298,V0124,M024,2025-02-23,2025-02,67,TV,iOS
A01299,V0125,M023,2025-04-23,2025-04,78,Mobile,iOS
A01300,V0125,M016,2025-01-09,2025-01,55,Tablet,Web
A01301,V0125,M003,2025-01-16,2025-01,98,Tablet,SmartTV
A01302,V0125,M001,2025-04-08,2025-04,76,Mobile,Android
A01303,V0125,M007,2025-04-08,2025-04,75,Mobile,Web
A01304,V0125,M002,2025-03-31,2025-03,97,Laptop,Web
A01305,V0125,M025,2025-02-25,2025-02,63,Tablet,SmartTV
A01306,V0125,M024,2025-01-15,2025-01,90,Tablet,Web
A01307,V0125,M018,2025-04-29,2025-04,93,Laptop,Android
A01308,V0126,M015,2025-03-02,2025-03,21,Laptop,Web
A01309,V0126,M003,2025-03-05,2025-03,57,Laptop,SmartTV
A01310,V0126,M002,2025-03-12,2025-03,54,Laptop,iOS
A01311,V0126,M004,2025-03-20,2025-03,61,Laptop,Android
A01312,V0126,M015,2025-04-29,2025-04,76,Mobile,SmartTV
A01313,V0126,M002,2025-04-02,2025-04,91,TV,SmartTV
A01314,V0126,M002,2025-01-21,2025-01,98,Laptop,iOS
A01315,V0126,M015,2025-02-16,2025-02,55,Laptop,SmartTV
A01316,V0126,M005,2025-02-28,2025-02,42,TV,iOS
A01317,V0126,M008,2025-01-30,2025-01,24,TV,SmartTV
A01318,V0126,M019,2025-03-23,2025-03,90,TV,iOS
A01319,V0126,M023,2025-03-08,2025-03,22,Laptop,iOS
A01320,V0126,M020,2025-03-02,2025-03,33,Mobile,SmartTV
A01321,V0126,M004,2025-01-20,2025-01,46,Laptop,Web
A01322,V0127,M003,2025-04-20,2025-04,38,Mobile,Web
A01323,V0127,M020,2025-04-03,2025-04,72,Laptop,SmartTV
A01324,V0127,M010,2025-01-08,2025-01,67,Mobile,Web
A01325,V0127,M005,2025-01-07,2025-01,97,TV,Web
A01326,V0127,M017,2025-03-30,2025-03,68,Mobile,Android
A01327,V0127,M013,2025-01-21,2025-01,48,Tablet,iOS
A01328,V0127,M017,2025-01-14,2025-01,80,Tablet,Web
A01329,V0127,M009,2025-02-19,2025-02,57,TV,Web
A01330,V0127,M008,2025-04-03,2025-04,78,Laptop,iOS
A01331,V0127,M023,2025-03-03,2025-03,72,Laptop,iOS
A01332,V0127,M012,2025-01-20,2025-01,81,TV,SmartTV
A01333,V0127,M014,2025-02-28,2025-02,36,TV,SmartTV
A01334,V0127,M022,2025-02-05,2025-02,53,Laptop,Web
A01335,V0127,M011,2025-01-31,2025-01,72,Tablet,Android
A01336,V0127,M019,2025-05-07,2025-05,45,TV,SmartTV
A01337,V0128,M006,2025-01-31,2025-01,53,Tablet,iOS
A01338,V0128,M005,2025-01-09,2025-01,23,TV,iOS
A01339,V0129,M017,2025-04-10,2025-04,65,TV,SmartTV
A01340,V0129,M023,2025-03-03,2025-03,57,Mobile,Web
A01341,V0129,M011,2025-01-28,2025-01,25,Mobile,Web
A01342,V0129,M015,2025-04-15,2025-04,77,Tablet,Web
A01343,V0129,M025,2025-05-03,2025-05,37,TV,iOS
A01344,V0129,M005,2025-01-02,2025-01,95,Laptop,SmartTV
A01345,V0130,M011,2025-04-23,2025-04,85,Laptop,iOS
A01346,V0130,M008,2025-03-18,2025-03,63,Mobile,SmartTV
A01347,V0130,M010,2025-03-24,2025-03,60,TV,Android
A01348,V0130,M002,2025-02-23,2025-02,86,Laptop,Web
A01349,V0130,M004,2025-03-30,2025-03,41,Mobile,Web
A01350,V0130,M009,2025-05-05,2025-05,48,TV,Web
A01351,V0130,M009,2025-01-28,2025-01,55,TV,iOS
A01352,V0130,M007,2025-02-13,2025-02,96,Mobile,Android
A01353,V0130,M001,2025-05-06,2025-05,67,TV,Web
A01354,V0130,M019,2025-04-20,2025-04,76,TV,SmartTV
A01355,V0130,M010,2025-01-29,2025-01,35,Tablet,SmartTV
A01356,V0130,M016,2025-03-09,2025-03,37,Laptop,iOS
A01357,V0130,M012,2025-01-21,2025-01,48,Mobile,Web
A01358,V0130,M006,2025-03-27,2025-03,78,Mobile,Web
A01359,V0131,M014,2025-01-26,2025-01,86,Laptop,Android
A01360,V0131,M018,2025-01-10,2025-01,100,Mobile,Android
A01361,V0131,M005,2025-04-07,2025-04,45,Laptop,SmartTV
A01362,V0132,M016,2025-02-17,2025-02,83,Laptop,Android
A01363,V0132,M007,2025-01-23,2025-01,47,Mobile,SmartTV
A01364,V0132,M003,2025-05-06,2025-05,98,TV,Android
A01365,V0132,M002,2025-04-18,2025-04,53,Tablet,Android
A01366,V0132,M021,2025-03-31,2025-03,87,TV,Web
A01367,V0132,M008,2025-03-16,2025-03,82,Tablet,SmartTV
A01368,V0133,M018,2025-05-04,2025-05,32,TV,iOS
A01369,V0133,M025,2025-03-15,2025-03,77,Laptop,Android
A01370,V0133,M022,2025-04-19,2025-04,42,Tablet,Web
A01371,V0133,M022,2025-01-30,2025-01,70,TV,SmartTV
A01372,V0133,M016,2025-04-16,2025-04,50,Mobile,Web
A01373,V0133,M009,2025-02-25,2025-02,27,Laptop,Web
A01374,V0133,M022,2025-03-23,2025-03,70,Tablet,SmartTV
A01375,V0133,M013,2025-03-08,2025-03,54,Tablet,Android
A01376,V0133,M011,2025-01-12,2025-01,77,Tablet,Android
A01377,V0133,M019,2025-02-12,2025-02,46,Mobile,Web
A01378,V0133,M005,2025-01-06,2025-01,22,Tablet,iOS
A01379,V0133,M025,2025-03-27,2025-03,90,Mobile,iOS
A01380,V0133,M017,2025-02-23,2025-02,88,TV,Android
A01381,V0134,M013,2025-02-28,2025-02,40,Laptop,Web
A01382,V0134,M014,2025-02-25,2025-02,51,Mobile,iOS
A01383,V0134,M001,2025-01-27,2025-01,70,Tablet,iOS
A01384,V0134,M006,2025-03-14,2025-03,23,TV,Android
A01385,V0134,M002,2025-03-11,2025-03,35,Tablet,SmartTV
A01386,V0134,M005,2025-03-11,2025-03,29,Mobile,SmartTV
A01387,V0134,M001,2025-01-04,2025-01,89,TV,iOS
A01388,V0134,M024,2025-04-11,2025-04,97,Laptop,Web
A01389,V0134,M014,2025-01-06,2025-01,55,Tablet,Android
A01390,V0134,M004,2025-03-09,2025-03,93,Tablet,SmartTV
A01391,V0134,M010,2025-04-20,2025-04,48,Tablet,Web
A01392,V0134,M016,2025-03-14,2025-03,88,TV,SmartTV
A01393,V0134,M001,2025-05-08,2025-05,70,Laptop,iOS
A01394,V0134,M015,2025-02-27,2025-02,23,Tablet,Android
A01395,V0134,M015,2025-04-05,2025-04,92,Mobile,Web
A01396,V0134,M011,2025-02-06,2025-02,30,Mobile,Android
A01397,V0134,M007,2025-05-06,2025-05,51,Mobile,Android
A01398,V0134,M013,2025-05-02,2025-05,92,TV,iOS
A01399,V0134,M025,2025-05-07,2025-05,72,Laptop,Web
A01400,V0135,M002,2025-03-24,2025-03,92,Tablet,iOS
A01401,V0135,M009,2025-02-23,2025-02,82,Tablet,Web
A01402,V0135,M021,2025-03-02,2025-03,79,Tablet,iOS
A01403,V0135,M004,2025-04-19,2025-04,29,Tablet,Android
A01404,V0135,M025,2025-01-04,2025-01,86,Mobile,Android
A01405,V0135,M007,2025-04-23,2025-04,24,Tablet,SmartTV
A01406,V0136,M021,2025-05-05,2025-05,90,Tablet,SmartTV
A01407,V0136,M001,2025-03-17,2025-03,75,Laptop,Web
A01408,V0136,M017,2025-03-24,2025-03,67,TV,Android
A01409,V0136,M010,2025-02-22,2025-02,67,Laptop,SmartTV
A01410,V0136,M015,2025-02-23,2025-02,37,TV,SmartTV
A01411,V0136,M001,2025-03-23,2025-03,42,TV,SmartTV
A01412,V0136,M003,2025-01-02,2025-01,44,TV,iOS
A01413,V0137,M015,2025-03-26,2025-03,27,Tablet,Android
A01414,V0137,M003,2025-03-31,2025-03,91,TV,Web
A01415,V0137,M021,2025-01-04,2025-01,55,Laptop,SmartTV
A01416,V0137,M019,2025-03-20,2025-03,99,Tablet,Web
A01417,V0137,M018,2025-02-21,2025-02,95,TV,iOS
A01418,V0137,M024,2025-02-25,2025-02,42,Laptop,iOS
A01419,V0137,M005,2025-04-09,2025-04,93,Laptop,SmartTV
A01420,V0137,M007,2025-02-13,2025-02,49,TV,iOS
A01421,V0137,M020,2025-02-07,2025-02,41,Tablet,iOS
A01422,V0137,M011,2025-01-20,2025-01,37,Tablet,SmartTV
A01423,V0137,M022,2025-05-01,2025-05,58,Mobile,Android
A01424,V0137,M018,2025-04-11,2025-04,69,Tablet,Web
A01425,V0137,M010,2025-03-23,2025-03,30,TV,Android
A01426,V0137,M021,2025-03-13,2025-03,38,Tablet,SmartTV
A01427,V0137,M016,2025-03-06,2025-03,35,Tablet,Web
A01428,V0137,M006,2025-01-07,2025-01,79,Laptop,SmartTV
A01429,V0137,M007,2025-02-18,2025-02,67,TV,iOS
A01430,V0137,M007,2025-04-24,2025-04,87,TV,iOS
A01431,V0137,M019,2025-03-21,2025-03,32,Laptop,Web
A01432,V0138,M001,2025-03-11,2025-03,55,Tablet,SmartTV
A01433,V0138,M002,2025-03-06,2025-03,100,Mobile,iOS
A01434,V0138,M023,2025-05-01,2025-05,100,Tablet,SmartTV
A01435,V0138,M006,2025-05-02,2025-05,89,Mobile,iOS
A01436,V0138,M012,2025-01-08,2025-01,39,TV,Android
A01437,V0138,M003,2025-04-18,2025-04,27,Tablet,iOS
A01438,V0138,M011,2025-01-25,2025-01,55,TV,iOS
A01439,V0138,M011,2025-03-23,2025-03,41,Laptop,iOS
A01440,V0138,M022,2025-04-14,2025-04,27,Mobile,Android
A01441,V0138,M025,2025-02-07,2025-02,54,Mobile,Android
A01442,V0138,M015,2025-01-12,2025-01,97,TV,SmartTV
A01443,V0138,M006,2025-01-01,2025-01,55,Laptop,iOS
A01444,V0138,M011,2025-04-30,2025-04,31,Tablet,iOS
A01445,V0138,M004,2025-01-24,2025-01,31,TV,Web
A01446,V0138,M019,2025-01-06,2025-01,21,TV,Web
A01447,V0138,M015,2025-01-21,2025-01,51,Laptop,Android
A01448,V0138,M024,2025-02-03,2025-02,26,Tablet,Web
A01449,V0138,M006,2025-03-13,2025-03,92,Laptop,SmartTV
A01450,V0139,M007,2025-03-11,2025-03,42,Laptop,Web
A01451,V0139,M023,2025-04-23,2025-04,31,Tablet,Web
A01452,V0139,M019,2025-04-04,2025-04,86,Tablet,Android
A01453,V0139,M002,2025-04-09,2025-04,88,TV,SmartTV
A01454,V0139,M012,2025-03-15,2025-03,63,Laptop,iOS
A01455,V0139,M017,2025-02-23,2025-02,47,Tablet,Web
A01456,V0139,M002,2025-01-30,2025-01,100,TV,SmartTV
A01457,V0139,M005,2025-04-30,2025-04,61,Laptop,SmartTV
A01458,V0139,M022,2025-01-09,2025-01,33,Laptop,iOS
A01459,V0140,M014,2025-05-02,2025-05,63,Mobile,Android
A01460,V0140,M012,2025-03-20,2025-03,79,TV,iOS
A01461,V0140,M015,2025-04-27,2025-04,93,Tablet,SmartTV
A01462,V0140,M016,2025-03-04,2025-03,67,Laptop,SmartTV
A01463,V0140,M022,2025-04-13,2025-04,25,TV,iOS
A01464,V0140,M014,2025-04-20,2025-04,93,Tablet,iOS
A01465,V0140,M006,2025-02-12,2025-02,96,TV,Android
A01466,V0141,M022,2025-03-27,2025-03,31,Laptop,Android
A01467,V0141,M012,2025-04-28,2025-04,41,Tablet,iOS
A01468,V0141,M022,2025-02-07,2025-02,42,Laptop,Web
A01469,V0141,M003,2025-02-17,2025-02,46,Tablet,iOS
A01470,V0141,M024,2025-03-04,2025-03,91,Laptop,iOS
A01471,V0141,M016,2025-02-10,2025-02,32,Tablet,SmartTV
A01472,V0142,M016,2025-04-07,2025-04,51,Mobile,SmartTV
A01473,V0142,M005,2025-03-23,2025-03,71,Laptop,Web
A01474,V0142,M022,2025-04-19,2025-04,70,Mobile,Web
A01475,V0142,M016,2025-01-07,2025-01,97,TV,Android
A01476,V0142,M012,2025-04-03,2025-04,84,Mobile,SmartTV
A01477,V0142,M003,2025-02-28,2025-02,83,TV,iOS
A01478,V0142,M007,2025-03-19,2025-03,31,Laptop,SmartTV
A01479,V0142,M021,2025-02-16,2025-02,39,Laptop,Web
A01480,V0143,M022,2025-05-04,2025-05,53,Tablet,Android
A01481,V0143,M006,2025-04-12,2025-04,86,Mobile,SmartTV
A01482,V0143,M003,2025-03-30,2025-03,32,Tablet,iOS
A01483,V0143,M006,2025-03-23,2025-03,93,Tablet,SmartTV
A01484,V0143,M001,2025-05-05,2025-05,71,Tablet,iOS
A01485,V0143,M010,2025-04-19,2025-04,34,Tablet,Web
A01486,V0143,M025,2025-05-02,2025-05,62,Laptop,iOS
A01487,V0143,M006,2025-04-19,2025-04,69,Mobile,Android
A01488,V0143,M001,2025-03-28,2025-03,95,Laptop,Android
A01489,V0143,M017,2025-04-27,2025-04,26,Tablet,Web
A01490,V0143,M002,2025-02-01,2025-02,78,Laptop,iOS
A01491,V0143,M020,2025-04-05,2025-04,74,Laptop,Web
A01492,V0143,M025,2025-01-07,2025-01,54,TV,Web
A01493,V0143,M012,2025-04-17,2025-04,77,Laptop,Web
A01494,V0144,M020,2025-01-29,2025-01,24,Tablet,Android
A01495,V0144,M006,2025-01-22,2025-01,32,TV,Android
A01496,V0144,M021,2025-05-07,2025-05,55,Laptop,SmartTV
A01497,V0145,M024,2025-04-28,2025-04,29,Laptop,Web
A01498,V0145,M002,2025-02-07,2025-02,32,Tablet,iOS
A01499,V0145,M011,2025-03-19,2025-03,71,Mobile,Android
A01500,V0145,M024,2025-03-07,2025-03,30,Tablet,iOS
A01501,V0145,M007,2025-03-08,2025-03,98,TV,iOS
A01502,V0145,M012,2025-05-02,2025-05,75,Laptop,Android
A01503,V0145,M009,2025-01-12,2025-01,71,TV,Web
A01504,V0145,M009,2025-01-02,2025-01,46,Mobile,SmartTV
A01505,V0145,M022,2025-02-03,2025-02,54,Tablet,Web
A01506,V0146,M008,2025-02-27,2025-02,61,TV,iOS
A01507,V0146,M020,2025-03-15,2025-03,97,Tablet,SmartTV
A01508,V0146,M021,2025-03-26,2025-03,69,Tablet,iOS
A01509,V0146,M011,2025-03-29,2025-03,64,Tablet,Android
A01510,V0146,M015,2025-05-08,2025-05,88,TV,SmartTV
A01511,V0147,M013,2025-01-09,2025-01,93,Mobile,SmartTV
A01512,V0147,M018,2025-03-30,2025-03,46,Laptop,Web
A01513,V0147,M010,2025-03-22,2025-03,79,Mobile,Android
A01514,V0147,M020,2025-02-12,2025-02,65,Tablet,SmartTV
A01515,V0147,M025,2025-01-06,2025-01,91,Tablet,Android
A01516,V0147,M013,2025-02-03,2025-02,97,Mobile,iOS
A01517,V0147,M013,2025-02-25,2025-02,34,Laptop,Android
A01518,V0147,M006,2025-04-13,2025-04,72,Laptop,Android
A01519,V0147,M014,2025-03-13,2025-03,66,Mobile,Web
A01520,V0147,M017,2025-04-11,2025-04,71,Tablet,SmartTV
A01521,V0148,M015,2025-02-10,2025-02,71,Laptop,iOS
A01522,V0148,M018,2025-03-27,2025-03,42,Mobile,SmartTV
A01523,V0148,M019,2025-04-18,2025-04,72,TV,iOS
A01524,V0148,M020,2025-02-27,2025-02,98,Mobile,SmartTV
A01525,V0148,M001,2025-03-25,2025-03,51,TV,SmartTV
A01526,V0148,M022,2025-01-24,2025-01,22,Tablet,Android
A01527,V0148,M006,2025-04-28,2025-04,50,TV,SmartTV
A01528,V0148,M023,2025-02-21,2025-02,36,Laptop,iOS
A01529,V0148,M001,2025-02-22,2025-02,79,Tablet,Android
A01530,V0148,M022,2025-04-24,2025-04,42,Tablet,iOS
A01531,V0148,M020,2025-03-26,2025-03,51,Tablet,iOS
A01532,V0149,M024,2025-01-09,2025-01,72,Tablet,SmartTV
A01533,V0149,M003,2025-04-17,2025-04,88,Mobile,iOS
A01534,V0150,M016,2025-01-16,2025-01,70,Mobile,Web
A01535,V0150,M013,2025-04-23,2025-04,35,Mobile,Android
A01536,V0150,M009,2025-01-29,2025-01,41,Laptop,SmartTV
A01537,V0150,M022,2025-03-28,2025-03,51,Tablet,Android
A01538,V0150,M009,2025-01-25,2025-01,29,Tablet,SmartTV
A01539,V0150,M025,2025-03-04,2025-03,63,Laptop,SmartTV
A01540,V0150,M011,2025-04-26,2025-04,53,Laptop,iOS
A01541,V0150,M025,2025-02-05,2025-02,86,Laptop,iOS
A01542,V0150,M008,2025-04-05,2025-04,66,Laptop,Web
A01543,V0150,M023,2025-02-10,2025-02,59,Tablet,SmartTV
A01544,V0150,M022,2025-03-17,2025-03,36,TV,Web
A01545,V0150,M013,2025-03-07,2025-03,49,Mobile,Android
A01546,V0150,M019,2025-03-19,2025-03,94,Mobile,Web
A01547,V0150,M012,2025-04-14,2025-04,99,TV,Web
A01548,V0150,M021,2025-02-09,2025-02,84,Laptop,Web
A01549,V0150,M013,2025-05-05,2025-05,41,Tablet,Android
A01550,V0151,M013,2025-01-04,2025-01,28,Laptop,Android
A01551,V0151,M010,2025-02-22,2025-02,39,Laptop,iOS
A01552,V0151,M021,2025-02-20,2025-02,83,Tablet,iOS
A01553,V0151,M024,2025-02-28,2025-02,45,Laptop,iOS
A01554,V0151,M013,2025-01-26,2025-01,84,Mobile,Web
A01555,V0151,M018,2025-01-21,2025-01,77,TV,Android
A01556,V0151,M009,2025-02-16,2025-02,51,TV,SmartTV
A01557,V0151,M006,2025-01-11,2025-01,54,Laptop,iOS
A01558,V0151,M024,2025-02-18,2025-02,28,TV,Web
A01559,V0151,M002,2025-02-23,2025-02,51,Tablet,SmartTV
A01560,V0151,M004,2025-01-14,2025-01,29,TV,SmartTV
A01561,V0151,M004,2025-04-24,2025-04,80,TV,iOS
A01562,V0151,M018,2025-02-25,2025-02,82,Laptop,iOS
A01563,V0151,M019,2025-04-21,2025-04,76,TV,SmartTV
A01564,V0151,M001,2025-03-06,2025-03,96,Laptop,SmartTV
A01565,V0151,M021,2025-02-15,2025-02,84,Tablet,Web
A01566,V0151,M021,2025-03-18,2025-03,88,TV,Web
A01567,V0152,M022,2025-03-21,2025-03,76,Mobile,Android
A01568,V0152,M016,2025-01-02,2025-01,85,Tablet,SmartTV
A01569,V0152,M006,2025-02-15,2025-02,75,Laptop,iOS
A01570,V0152,M015,2025-03-29,2025-03,88,TV,Android
A01571,V0152,M025,2025-01-28,2025-01,47,Laptop,Web
A01572,V0152,M011,2025-05-01,2025-05,58,TV,Android
A01573,V0152,M011,2025-02-10,2025-02,70,TV,Android
A01574,V0152,M020,2025-02-10,2025-02,86,Tablet,SmartTV
A01575,V0152,M025,2025-03-10,2025-03,53,Tablet,Web
A01576,V0152,M012,2025-02-07,2025-02,62,Laptop,Web
A01577,V0153,M010,2025-04-19,2025-04,70,Tablet,iOS
A01578,V0153,M025,2025-04-14,2025-04,72,Laptop,Android
A01579,V0153,M015,2025-03-12,2025-03,45,TV,Web
A01580,V0153,M010,2025-04-06,2025-04,61,Tablet,SmartTV
A01581,V0153,M011,2025-02-21,2025-02,99,Tablet,Web
A01582,V0153,M004,2025-01-20,2025-01,40,Laptop,SmartTV
A01583,V0153,M024,2025-05-01,2025-05,69,Tablet,Android
A01584,V0153,M009,2025-04-07,2025-04,32,Mobile,Web
A01585,V0153,M009,2025-04-05,2025-04,56,Mobile,SmartTV
A01586,V0153,M005,2025-01-19,2025-01,72,TV,Android
A01587,V0153,M019,2025-03-18,2025-03,45,Mobile,SmartTV
A01588,V0153,M008,2025-03-25,2025-03,89,Laptop,Web
A01589,V0153,M023,2025-01-06,2025-01,28,Laptop,Web
A01590,V0153,M025,2025-04-25,2025-04,47,TV,Web
A01591,V0153,M015,2025-02-28,2025-02,66,Laptop,Android
A01592,V0153,M022,2025-03-08,2025-03,97,Mobile,Android
A01593,V0154,M021,2025-04-16,2025-04,70,Tablet,iOS
A01594,V0154,M017,2025-01-16,2025-01,67,Mobile,SmartTV
A01595,V0154,M002,2025-03-25,2025-03,82,Laptop,Web
A01596,V0154,M021,2025-01-18,2025-01,29,Mobile,iOS
A01597,V0154,M018,2025-02-10,2025-02,31,Tablet,Android
A01598,V0155,M025,2025-04-21,2025-04,79,Tablet,Android
A01599,V0155,M021,2025-03-26,2025-03,43,Laptop,SmartTV
A01600,V0155,M017,2025-04-21,2025-04,71,Laptop,iOS
A01601,V0155,M020,2025-04-10,2025-04,21,TV,Web
A01602,V0156,M005,2025-03-08,2025-03,94,Laptop,SmartTV
A01603,V0156,M021,2025-02-21,2025-02,65,TV,Android
A01604,V0156,M025,2025-02-07,2025-02,59,TV,iOS
A01605,V0156,M001,2025-01-11,2025-01,89,Laptop,iOS
A01606,V0156,M011,2025-03-22,2025-03,46,TV,Web
A01607,V0156,M006,2025-04-19,2025-04,49,TV,Web
A01608,V0156,M001,2025-02-05,2025-02,35,Tablet,iOS
A01609,V0156,M015,2025-02-23,2025-02,26,Tablet,SmartTV
A01610,V0156,M013,2025-02-20,2025-02,68,Mobile,iOS
A01611,V0156,M006,2025-02-01,2025-02,46,Mobile,SmartTV
A01612,V0156,M024,2025-04-02,2025-04,60,Tablet,Android
A01613,V0156,M007,2025-01-24,2025-01,66,Tablet,Web
A01614,V0156,M017,2025-01-29,2025-01,22,Mobile,SmartTV
A01615,V0156,M014,2025-04-13,2025-04,65,Laptop,Web
A01616,V0156,M003,2025-04-22,2025-04,58,TV,iOS
A01617,V0157,M016,2025-01-05,2025-01,61,Mobile,Android
A01618,V0157,M008,2025-02-15,2025-02,21,TV,Android
A01619,V0157,M005,2025-05-01,2025-05,27,TV,Web
A01620,V0157,M012,2025-04-17,2025-04,73,TV,Android
A01621,V0157,M017,2025-02-08,2025-02,43,Laptop,iOS
A01622,V0157,M006,2025-01-08,2025-01,46,Laptop,SmartTV
A01623,V0157,M021,2025-04-06,2025-04,99,Laptop,iOS
A01624,V0157,M001,2025-03-26,2025-03,80,Mobile,Android
A01625,V0157,M014,2025-01-12,2025-01,68,TV,Android
A01626,V0157,M004,2025-01-04,2025-01,48,Mobile,SmartTV
A01627,V0157,M003,2025-01-29,2025-01,79,Tablet,SmartTV
A01628,V0157,M005,2025-01-01,2025-01,80,Tablet,Web
A01629,V0157,M005,2025-03-24,2025-03,89,Laptop,iOS
A01630,V0157,M016,2025-05-07,2025-05,93,TV,Android
A01631,V0158,M017,2025-02-03,2025-02,48,Mobile,iOS
A01632,V0158,M023,2025-04-14,2025-04,98,Mobile,Android
A01633,V0158,M008,2025-03-06,2025-03,58,Laptop,SmartTV
A01634,V0158,M022,2025-03-10,2025-03,61,Tablet,Web
A01635,V0158,M022,2025-02-07,2025-02,24,Tablet,iOS
A01636,V0158,M007,2025-02-16,2025-02,38,Mobile,Android
A01637,V0158,M006,2025-04-12,2025-04,21,Tablet,SmartTV
A01638,V0158,M012,2025-02-18,2025-02,93,Tablet,SmartTV
A01639,V0158,M007,2025-04-27,2025-04,53,Tablet,iOS
A01640,V0159,M021,2025-03-28,2025-03,43,Laptop,Web
A01641,V0159,M016,2025-04-27,2025-04,32,Laptop,Web
A01642,V0159,M003,2025-04-04,2025-04,23,TV,iOS
A01643,V0159,M008,2025-04-28,2025-04,35,Laptop,Android
A01644,V0159,M012,2025-03-20,2025-03,75,Mobile,Android
A01645,V0159,M013,2025-02-19,2025-02,48,Mobile,Android
A01646,V0159,M024,2025-04-01,2025-04,96,TV,iOS
A01647,V0159,M018,2025-04-03,2025-04,49,TV,Web
A01648,V0159,M006,2025-01-26,2025-01,41,TV,Android
A01649,V0159,M018,2025-04-19,2025-04,55,Mobile,SmartTV
A01650,V0160,M013,2025-04-18,2025-04,79,Laptop,Android
A01651,V0160,M024,2025-03-18,2025-03,29,Laptop,Web
A01652,V0160,M007,2025-01-18,2025-01,72,TV,Android
A01653,V0160,M016,2025-02-11,2025-02,70,TV,SmartTV
A01654,V0160,M013,2025-02-19,2025-02,64,Mobile,Android
A01655,V0160,M009,2025-02-05,2025-02,35,TV,Android
A01656,V0160,M015,2025-02-06,2025-02,55,Laptop,iOS
A01657,V0160,M021,2025-01-31,2025-01,59,Mobile,SmartTV
A01658,V0160,M008,2025-04-23,2025-04,35,Tablet,Android
A01659,V0160,M003,2025-03-29,2025-03,25,Tablet,Web
A01660,V0160,M004,2025-04-30,2025-04,94,TV,SmartTV
A01661,V0161,M008,2025-01-27,2025-01,97,Laptop,Android
A01662,V0161,M022,2025-05-07,2025-05,75,Tablet,iOS
A01663,V0161,M021,2025-01-27,2025-01,55,Laptop,Web
A01664,V0161,M014,2025-03-06,2025-03,30,Mobile,iOS
A01665,V0161,M023,2025-05-05,2025-05,94,Tablet,Android
A01666,V0161,M019,2025-04-22,2025-04,54,Mobile,SmartTV
A01667,V0161,M018,2025-04-07,2025-04,86,Tablet,iOS
A01668,V0161,M020,2025-01-28,2025-01,32,Mobile,iOS
A01669,V0161,M025,2025-03-03,2025-03,94,Tablet,SmartTV
A01670,V0161,M023,2025-01-11,2025-01,76,Tablet,iOS
A01671,V0161,M013,2025-04-21,2025-04,23,TV,Android
A01672,V0162,M021,2025-03-26,2025-03,57,Tablet,iOS
A01673,V0162,M024,2025-04-27,2025-04,65,Laptop,Web
A01674,V0163,M009,2025-04-25,2025-04,61,Tablet,Web
A01675,V0163,M025,2025-02-11,2025-02,91,Laptop,SmartTV
A01676,V0163,M025,2025-03-31,2025-03,83,Mobile,Web
A01677,V0163,M012,2025-02-28,2025-02,59,Mobile,iOS
A01678,V0163,M021,2025-04-14,2025-04,99,Tablet,Android
A01679,V0163,M025,2025-04-08,2025-04,53,Tablet,Web
A01680,V0163,M011,2025-04-23,2025-04,40,TV,Web
A01681,V0163,M001,2025-01-29,2025-01,94,Laptop,Web
A01682,V0163,M025,2025-02-15,2025-02,99,Mobile,Android
A01683,V0164,M003,2025-04-14,2025-04,38,Laptop,Web
A01684,V0164,M013,2025-02-04,2025-02,33,Laptop,iOS
A01685,V0164,M011,2025-02-27,2025-02,25,TV,Android
A01686,V0164,M022,2025-03-12,2025-03,83,TV,Android
A01687,V0165,M008,2025-04-23,2025-04,47,TV,iOS
A01688,V0165,M010,2025-03-04,2025-03,98,Tablet,SmartTV
A01689,V0165,M014,2025-02-19,2025-02,43,Tablet,SmartTV
A01690,V0165,M024,2025-03-08,2025-03,66,Laptop,SmartTV
A01691,V0165,M012,2025-04-04,2025-04,60,Laptop,iOS
A01692,V0165,M023,2025-02-04,2025-02,51,TV,iOS
A01693,V0165,M017,2025-05-02,2025-05,60,Mobile,Android
A01694,V0165,M024,2025-03-31,2025-03,90,TV,SmartTV
A01695,V0165,M009,2025-01-14,2025-01,99,Tablet,SmartTV
A01696,V0166,M014,2025-01-17,2025-01,22,Tablet,iOS
A01697,V0166,M012,2025-05-03,2025-05,38,Mobile,Web
A01698,V0166,M003,2025-03-12,2025-03,52,Mobile,SmartTV
A01699,V0166,M014,2025-02-04,2025-02,47,Tablet,Web
A01700,V0166,M018,2025-03-19,2025-03,49,Tablet,Android
A01701,V0166,M025,2025-03-22,2025-03,98,Mobile,Web
A01702,V0166,M019,2025-01-31,2025-01,98,Mobile,SmartTV
A01703,V0166,M024,2025-02-11,2025-02,44,TV,Android
A01704,V0166,M006,2025-01-08,2025-01,83,Mobile,Web
A01705,V0166,M003,2025-01-25,2025-01,93,Tablet,SmartTV
A01706,V0166,M013,2025-05-02,2025-05,63,TV,iOS
A01707,V0166,M010,2025-04-01,2025-04,75,Laptop,SmartTV
A01708,V0166,M003,2025-02-17,2025-02,71,TV,Android
A01709,V0166,M012,2025-01-21,2025-01,77,Mobile,Web
A01710,V0166,M001,2025-01-16,2025-01,27,Laptop,iOS
A01711,V0166,M006,2025-01-01,2025-01,21,Mobile,Web
A01712,V0166,M013,2025-03-20,2025-03,92,Laptop,iOS
A01713,V0166,M006,2025-02-18,2025-02,99,Tablet,Android
A01714,V0166,M018,2025-02-25,2025-02,32,TV,Web
A01715,V0166,M019,2025-02-15,2025-02,42,TV,SmartTV
A01716,V0167,M020,2025-01-10,2025-01,35,Laptop,Web
A01717,V0167,M004,2025-03-31,2025-03,43,TV,iOS
A01718,V0168,M007,2025-02-09,2025-02,63,Tablet,SmartTV
A01719,V0168,M015,2025-01-30,2025-01,90,Mobile,Web
A01720,V0168,M008,2025-04-04,2025-04,50,Tablet,Android
A01721,V0168,M013,2025-01-11,2025-01,27,Tablet,iOS
A01722,V0168,M017,2025-01-24,2025-01,61,Tablet,Android
A01723,V0168,M010,2025-03-24,2025-03,77,TV,Web
A01724,V0168,M021,2025-04-20,2025-04,75,Tablet,iOS
A01725,V0168,M016,2025-01-07,2025-01,33,Laptop,SmartTV
A01726,V0168,M020,2025-04-10,2025-04,83,Laptop,iOS
A01727,V0168,M017,2025-01-11,2025-01,31,Laptop,Android
A01728,V0168,M021,2025-03-22,2025-03,26,Mobile,iOS
A01729,V0168,M010,2025-04-09,2025-04,65,Mobile,SmartTV
A01730,V0168,M024,2025-02-15,2025-02,67,Mobile,Android
A01731,V0168,M004,2025-04-28,2025-04,48,Laptop,iOS
A01732,V0168,M023,2025-02-22,2025-02,46,Mobile,iOS
A01733,V0168,M013,2025-02-22,2025-02,34,Laptop,iOS
A01734,V0168,M008,2025-03-26,2025-03,69,TV,Web
A01735,V0169,M002,2025-02-09,2025-02,96,TV,Web
A01736,V0169,M014,2025-03-21,2025-03,54,Tablet,iOS
A01737,V0169,M014,2025-04-16,2025-04,55,TV,SmartTV
A01738,V0169,M009,2025-01-03,2025-01,70,Mobile,SmartTV
A01739,V0169,M005,2025-02-27,2025-02,34,Mobile,Android
A01740,V0169,M016,2025-01-18,2025-01,88,Laptop,Android
A01741,V0169,M024,2025-03-07,2025-03,70,Laptop,Web
A01742,V0169,M010,2025-03-08,2025-03,35,Tablet,Android
A01743,V0169,M003,2025-05-08,2025-05,36,Mobile,SmartTV
A01744,V0169,M016,2025-01-28,2025-01,49,Mobile,SmartTV
A01745,V0169,M006,2025-01-22,2025-01,28,TV,SmartTV
A01746,V0169,M020,2025-04-05,2025-04,38,Tablet,iOS
A01747,V0169,M022,2025-02-18,2025-02,60,Mobile,iOS
A01748,V0169,M005,2025-03-29,2025-03,42,Laptop,SmartTV
A01749,V0170,M021,2025-01-15,2025-01,68,TV,Web
A01750,V0170,M017,2025-01-17,2025-01,43,TV,Web
A01751,V0170,M022,2025-04-23,2025-04,76,Mobile,Android
A01752,V0170,M020,2025-03-15,2025-03,40,TV,Web
A01753,V0170,M002,2025-01-29,2025-01,28,Tablet,iOS
A01754,V0170,M020,2025-02-13,2025-02,61,Laptop,iOS
A01755,V0170,M005,2025-01-27,2025-01,49,Mobile,SmartTV
A01756,V0170,M001,2025-01-15,2025-01,92,Mobile,Android
A01757,V0171,M019,2025-01-19,2025-01,80,Tablet,Web
A01758,V0171,M022,2025-04-10,2025-04,50,Tablet,Web
A01759,V0171,M012,2025-04-27,2025-04,39,Tablet,Web
A01760,V0172,M005,2025-03-15,2025-03,42,Tablet,Web
A01761,V0172,M006,2025-04-05,2025-04,22,Tablet,Web
A01762,V0172,M005,2025-01-11,2025-01,72,TV,SmartTV
A01763,V0172,M005,2025-04-01,2025-04,71,Tablet,SmartTV
A01764,V0172,M015,2025-04-26,2025-04,69,Tablet,Web
A01765,V0172,M011,2025-03-25,2025-03,71,TV,Android
A01766,V0172,M008,2025-02-25,2025-02,44,TV,Web
A01767,V0172,M015,2025-04-15,2025-04,59,TV,SmartTV
A01768,V0172,M005,2025-05-01,2025-05,89,Tablet,Web
A01769,V0173,M002,2025-02-21,2025-02,63,TV,SmartTV
A01770,V0173,M017,2025-04-21,2025-04,76,Mobile,Android
A01771,V0173,M013,2025-02-14,2025-02,92,TV,SmartTV
A01772,V0173,M019,2025-02-20,2025-02,72,Laptop,SmartTV
A01773,V0173,M008,2025-02-03,2025-02,60,Mobile,iOS
A01774,V0173,M003,2025-01-22,2025-01,21,Mobile,Web
A01775,V0173,M003,2025-03-22,2025-03,45,TV,Android
A01776,V0173,M010,2025-01-17,2025-01,99,Laptop,SmartTV
A01777,V0173,M016,2025-03-28,2025-03,42,Laptop,Web
A01778,V0173,M004,2025-02-10,2025-02,40,Tablet,iOS
A01779,V0173,M018,2025-04-15,2025-04,91,Tablet,Web
A01780,V0173,M023,2025-03-05,2025-03,38,Tablet,iOS
A01781,V0173,M025,2025-01-11,2025-01,68,Tablet,SmartTV
A01782,V0173,M016,2025-02-13,2025-02,95,Laptop,SmartTV
A01783,V0173,M019,2025-02-16,2025-02,22,Tablet,Web
A01784,V0174,M003,2025-04-05,2025-04,42,TV,Web
A01785,V0174,M022,2025-04-11,2025-04,34,TV,Web
A01786,V0174,M010,2025-01-22,2025-01,97,Tablet,iOS
A01787,V0174,M020,2025-04-17,2025-04,66,Laptop,Android
A01788,V0174,M017,2025-03-13,2025-03,23,Tablet,Web
A01789,V0174,M006,2025-01-14,2025-01,50,Laptop,Web
A01790,V0174,M015,2025-04-21,2025-04,25,Laptop,SmartTV
A01791,V0174,M022,2025-01-21,2025-01,90,Mobile,Android
A01792,V0174,M020,2025-01-03,2025-01,93,Mobile,Web
A01793,V0174,M013,2025-02-21,2025-02,68,Tablet,iOS
A01794,V0174,M023,2025-03-11,2025-03,68,Laptop,Web
A01795,V0174,M017,2025-04-19,2025-04,63,TV,Web
A01796,V0175,M018,2025-02-19,2025-02,56,Laptop,iOS
A01797,V0175,M015,2025-01-22,2025-01,60,Mobile,iOS
A01798,V0175,M005,2025-01-28,2025-01,29,TV,Web
A01799,V0175,M003,2025-02-09,2025-02,50,Mobile,iOS
A01800,V0175,M001,2025-01-04,2025-01,63,Mobile,Android
A01801,V0175,M019,2025-04-28,2025-04,62,Mobile,iOS
A01802,V0175,M002,2025-02-05,2025-02,30,TV,iOS
A01803,V0175,M023,2025-01-24,2025-01,75,TV,Android
A01804,V0175,M002,2025-01-21,2025-01,61,TV,SmartTV
A01805,V0175,M007,2025-05-07,2025-05,43,Tablet,Web
A01806,V0176,M002,2025-04-24,2025-04,84,Mobile,iOS
A01807,V0176,M006,2025-02-20,2025-02,38,TV,iOS
A01808,V0176,M023,2025-01-20,2025-01,43,Laptop,Android
A01809,V0176,M006,2025-04-12,2025-04,95,Laptop,SmartTV
A01810,V0176,M017,2025-03-15,2025-03,74,Laptop,Web
A01811,V0176,M024,2025-03-03,2025-03,20,Laptop,Web
A01812,V0176,M025,2025-02-11,2025-02,27,Mobile,SmartTV
A01813,V0176,M012,2025-01-16,2025-01,75,Mobile,SmartTV
A01814,V0176,M001,2025-01-23,2025-01,95,Laptop,iOS
A01815,V0176,M019,2025-03-09,2025-03,60,Tablet,Web
A01816,V0176,M024,2025-05-03,2025-05,83,Laptop,SmartTV
A01817,V0176,M011,2025-02-18,2025-02,95,TV,iOS
A01818,V0176,M023,2025-04-01,2025-04,79,Tablet,Web
A01819,V0176,M013,2025-04-29,2025-04,77,TV,Android
A01820,V0176,M024,2025-04-09,2025-04,23,TV,Web
A01821,V0176,M013,2025-02-08,2025-02,66,Mobile,SmartTV
A01822,V0176,M022,2025-02-14,2025-02,95,TV,Android
A01823,V0176,M004,2025-01-05,2025-01,80,TV,Web
A01824,V0176,M011,2025-02-20,2025-02,83,Tablet,Android
A01825,V0176,M010,2025-03-13,2025-03,44,Tablet,SmartTV
A01826,V0177,M014,2025-02-10,2025-02,27,Laptop,iOS
A01827,V0177,M003,2025-03-24,2025-03,81,Laptop,Android
A01828,V0177,M008,2025-05-07,2025-05,73,Tablet,iOS
A01829,V0177,M010,2025-02-10,2025-02,100,Laptop,SmartTV
A01830,V0177,M020,2025-02-01,2025-02,36,Laptop,Web
A01831,V0177,M024,2025-04-06,2025-04,36,Laptop,SmartTV
A01832,V0177,M003,2025-01-05,2025-01,67,Tablet,Android
A01833,V0177,M007,2025-03-25,2025-03,49,Laptop,SmartTV
A01834,V0177,M009,2025-03-29,2025-03,62,TV,Android
A01835,V0177,M011,2025-02-28,2025-02,95,TV,Android
A01836,V0177,M016,2025-05-01,2025-05,60,Mobile,SmartTV
A01837,V0177,M025,2025-02-07,2025-02,61,Mobile,SmartTV
A01838,V0177,M015,2025-03-10,2025-03,77,Tablet,Android
A01839,V0177,M025,2025-03-12,2025-03,38,Laptop,iOS
A01840,V0177,M016,2025-03-05,2025-03,20,Laptop,Web
A01841,V0178,M018,2025-02-07,2025-02,60,Tablet,Web
A01842,V0178,M020,2025-02-21,2025-02,44,Mobile,Web
A01843,V0178,M024,2025-01-16,2025-01,44,Laptop,Android
A01844,V0178,M013,2025-04-19,2025-04,21,Laptop,Web
A01845,V0178,M007,2025-02-06,2025-02,23,Mobile,SmartTV
A01846,V0178,M003,2025-04-05,2025-04,38,Tablet,SmartTV
A01847,V0178,M018,2025-02-10,2025-02,76,Laptop,iOS
A01848,V0178,M009,2025-04-27,2025-04,45,Tablet,Web
A01849,V0178,M006,2025-02-02,2025-02,22,Mobile,iOS
A01850,V0178,M011,2025-05-03,2025-05,38,Laptop,SmartTV
A01851,V0178,M018,2025-01-07,2025-01,75,Laptop,SmartTV
A01852,V0178,M006,2025-03-25,2025-03,24,Laptop,Web
A01853,V0178,M019,2025-01-11,2025-01,27,TV,SmartTV
A01854,V0178,M003,2025-01-18,2025-01,39,Mobile,Android
A01855,V0178,M023,2025-03-02,2025-03,66,Laptop,Web
A01856,V0178,M003,2025-04-16,2025-04,28,Tablet,SmartTV
A01857,V0178,M018,2025-01-16,2025-01,73,Tablet,Android
A01858,V0179,M003,2025-02-23,2025-02,40,Mobile,Web
A01859,V0179,M008,2025-03-03,2025-03,91,Mobile,iOS
A01860,V0179,M021,2025-02-27,2025-02,25,Mobile,Android
A01861,V0179,M025,2025-03-01,2025-03,37,Laptop,Web
A01862,V0179,M013,2025-04-12,2025-04,85,Laptop,SmartTV
A01863,V0179,M001,2025-04-17,2025-04,28,Mobile,Android
A01864,V0179,M019,2025-01-10,2025-01,49,Tablet,iOS
A01865,V0179,M012,2025-01-21,2025-01,67,TV,SmartTV
A01866,V0179,M007,2025-02-08,2025-02,20,Laptop,Web
A01867,V0179,M018,2025-04-06,2025-04,69,TV,Android
A01868,V0179,M025,2025-03-07,2025-03,45,Laptop,Web
A01869,V0179,M013,2025-01-31,2025-01,56,Tablet,iOS
A01870,V0179,M015,2025-04-14,2025-04,43,Mobile,iOS
A01871,V0179,M013,2025-01-28,2025-01,46,TV,Web
A01872,V0179,M023,2025-02-24,2025-02,58,Laptop,SmartTV
A01873,V0179,M002,2025-02-28,2025-02,52,TV,iOS
A01874,V0179,M010,2025-01-04,2025-01,43,Laptop,Android
A01875,V0179,M016,2025-04-10,2025-04,61,Tablet,SmartTV
A01876,V0179,M020,2025-02-12,2025-02,81,Laptop,Android
A01877,V0180,M020,2025-01-28,2025-01,23,Mobile,iOS
A01878,V0180,M009,2025-01-01,2025-01,76,Tablet,Android
A01879,V0180,M004,2025-01-14,2025-01,47,TV,SmartTV
A01880,V0180,M024,2025-04-06,2025-04,55,Tablet,iOS
A01881,V0181,M025,2025-01-09,2025-01,58,TV,Web
A01882,V0181,M015,2025-02-22,2025-02,23,Tablet,Android
A01883,V0181,M001,2025-01-29,2025-01,50,Tablet,Web
A01884,V0181,M009,2025-01-06,2025-01,92,Tablet,iOS
A01885,V0181,M024,2025-02-09,2025-02,28,Tablet,SmartTV
A01886,V0181,M001,2025-01-10,2025-01,75,Tablet,SmartTV
A01887,V0181,M006,2025-01-04,2025-01,25,Mobile,Web
A01888,V0181,M023,2025-03-14,2025-03,81,TV,Web
A01889,V0181,M001,2025-03-11,2025-03,50,Tablet,iOS
A01890,V0181,M021,2025-01-12,2025-01,75,Tablet,Android
A01891,V0181,M023,2025-01-13,2025-01,66,Mobile,Web
A01892,V0182,M016,2025-02-11,2025-02,67,TV,Web
A01893,V0182,M024,2025-03-30,2025-03,42,Tablet,Web
A01894,V0182,M015,2025-03-30,2025-03,38,Tablet,SmartTV
A01895,V0182,M012,2025-04-21,2025-04,97,Laptop,Android
A01896,V0182,M011,2025-04-02,2025-04,79,Tablet,Android
A01897,V0182,M002,2025-03-29,2025-03,100,TV,Web
A01898,V0182,M018,2025-02-10,2025-02,37,TV,SmartTV
A01899,V0182,M003,2025-04-18,2025-04,84,Mobile,iOS
A01900,V0182,M019,2025-01-02,2025-01,90,TV,Android
A01901,V0182,M022,2025-03-27,2025-03,34,Laptop,Web
A01902,V0182,M018,2025-04-12,2025-04,70,TV,Web
A01903,V0182,M024,2025-04-15,2025-04,33,TV,SmartTV
A01904,V0182,M005,2025-02-18,2025-02,20,Mobile,SmartTV
A01905,V0182,M005,2025-01-19,2025-01,59,TV,SmartTV
A01906,V0182,M010,2025-02-23,2025-02,32,TV,iOS
A01907,V0182,M001,2025-01-08,2025-01,35,TV,Android
A01908,V0183,M003,2025-03-06,2025-03,35,Tablet,Web
A01909,V0183,M022,2025-04-14,2025-04,96,Laptop,Web
A01910,V0183,M013,2025-04-06,2025-04,58,Tablet,SmartTV
A01911,V0183,M021,2025-01-11,2025-01,82,Mobile,SmartTV
A01912,V0184,M012,2025-01-08,2025-01,80,Tablet,iOS
A01913,V0184,M014,2025-03-31,2025-03,82,Mobile,SmartTV
A01914,V0184,M002,2025-05-05,2025-05,80,Laptop,iOS
A01915,V0184,M003,2025-03-04,2025-03,100,Mobile,SmartTV
A01916,V0184,M013,2025-03-28,2025-03,97,Tablet,iOS
A01917,V0184,M011,2025-03-21,2025-03,77,TV,SmartTV
A01918,V0184,M004,2025-01-03,2025-01,36,Mobile,SmartTV
A01919,V0184,M003,2025-02-16,2025-02,55,Tablet,iOS
A01920,V0184,M009,2025-01-31,2025-01,86,Tablet,Android
A01921,V0184,M015,2025-03-17,2025-03,25,Laptop,Web
A01922,V0184,M014,2025-01-29,2025-01,39,Mobile,Android
A01923,V0184,M016,2025-05-05,2025-05,20,Tablet,Android
A01924,V0185,M002,2025-03-19,2025-03,48,Laptop,SmartTV
A01925,V0185,M008,2025-04-24,2025-04,34,Mobile,Android
A01926,V0185,M005,2025-02-03,2025-02,97,Mobile,SmartTV
A01927,V0185,M016,2025-04-04,2025-04,75,Mobile,Web
A01928,V0185,M021,2025-01-28,2025-01,80,Mobile,Web
A01929,V0185,M014,2025-04-19,2025-04,28,Mobile,Web
A01930,V0185,M022,2025-04-02,2025-04,71,TV,Android
A01931,V0185,M004,2025-01-07,2025-01,31,TV,Android
A01932,V0185,M015,2025-04-06,2025-04,53,Tablet,iOS
A01933,V0185,M022,2025-02-17,2025-02,72,Mobile,iOS
A01934,V0185,M008,2025-02-21,2025-02,58,TV,SmartTV
A01935,V0185,M001,2025-04-06,2025-04,85,Mobile,iOS
A01936,V0185,M017,2025-03-10,2025-03,87,Mobile,Web
A01937,V0185,M005,2025-03-23,2025-03,81,TV,Android
A01938,V0186,M016,2025-05-03,2025-05,32,TV,SmartTV
A01939,V0186,M018,2025-01-19,2025-01,36,TV,iOS
A01940,V0186,M016,2025-01-19,2025-01,41,TV,SmartTV
A01941,V0186,M021,2025-04-03,2025-04,53,Tablet,iOS
A01942,V0186,M025,2025-04-21,2025-04,61,Tablet,iOS
A01943,V0186,M007,2025-04-06,2025-04,77,TV,Android
A01944,V0186,M016,2025-04-15,2025-04,40,TV,Web
A01945,V0186,M016,2025-01-20,2025-01,96,Mobile,SmartTV
A01946,V0186,M003,2025-01-22,2025-01,38,Mobile,Web
A01947,V0186,M009,2025-04-11,2025-04,79,Laptop,Web
A01948,V0186,M018,2025-03-25,2025-03,80,Tablet,SmartTV
A01949,V0186,M025,2025-02-05,2025-02,63,Mobile,SmartTV
A01950,V0186,M011,2025-01-17,2025-01,100,Laptop,Web
A01951,V0186,M010,2025-02-28,2025-02,61,TV,Android
A01952,V0186,M012,2025-03-20,2025-03,62,Tablet,Web
A01953,V0186,M009,2025-04-19,2025-04,44,TV,Web
A01954,V0186,M007,2025-04-03,2025-04,89,Laptop,Android
A01955,V0187,M019,2025-02-14,2025-02,57,TV,Android
A01956,V0187,M020,2025-03-28,2025-03,83,Laptop,Android
A01957,V0187,M013,2025-05-04,2025-05,54,Tablet,Web
A01958,V0187,M005,2025-03-07,2025-03,29,Laptop,iOS
A01959,V0187,M013,2025-04-11,2025-04,28,TV,Web
A01960,V0187,M016,2025-04-27,2025-04,94,Laptop,SmartTV
A01961,V0187,M007,2025-03-10,2025-03,74,Tablet,iOS
A01962,V0187,M016,2025-04-22,2025-04,60,Mobile,Android
A01963,V0187,M006,2025-02-01,2025-02,26,Mobile,iOS
A01964,V0187,M009,2025-01-28,2025-01,88,Laptop,Android
A01965,V0187,M004,2025-04-19,2025-04,25,Mobile,iOS
A01966,V0187,M004,2025-03-28,2025-03,55,Laptop,SmartTV
A01967,V0187,M008,2025-03-01,2025-03,99,Laptop,Web
A01968,V0187,M008,2025-02-08,2025-02,90,Laptop,Android
A01969,V0187,M006,2025-04-09,2025-04,89,Mobile,Android
A01970,V0187,M003,2025-03-11,2025-03,35,Mobile,Android
A01971,V0188,M008,2025-03-03,2025-03,98,TV,Android
A01972,V0188,M008,2025-03-13,2025-03,20,TV,Web
A01973,V0188,M014,2025-04-09,2025-04,47,TV,iOS
A01974,V0188,M003,2025-04-15,2025-04,76,Tablet,Android
A01975,V0188,M024,2025-04-09,2025-04,68,Mobile,Web
A01976,V0188,M007,2025-05-06,2025-05,87,Laptop,Web
A01977,V0188,M001,2025-05-08,2025-05,98,Tablet,SmartTV
A01978,V0188,M020,2025-02-22,2025-02,38,Mobile,SmartTV
A01979,V0188,M006,2025-04-14,2025-04,47,Laptop,Web
A01980,V0188,M013,2025-03-12,2025-03,57,TV,SmartTV
A01981,V0188,M020,2025-05-01,2025-05,92,TV,iOS
A01982,V0188,M015,2025-01-06,2025-01,93,Laptop,Web
A01983,V0188,M013,2025-01-06,2025-01,75,Tablet,SmartTV
A01984,V0188,M003,2025-04-22,2025-04,64,TV,Web
A01985,V0188,M012,2025-03-08,2025-03,40,TV,Android
A01986,V0189,M021,2025-02-20,2025-02,68,Laptop,iOS
A01987,V0189,M025,2025-02-28,2025-02,40,Mobile,iOS
A01988,V0189,M009,2025-01-21,2025-01,52,Tablet,Android
A01989,V0189,M010,2025-02-06,2025-02,55,TV,Android
A01990,V0189,M014,2025-03-21,2025-03,86,Mobile,Android
A01991,V0189,M003,2025-01-14,2025-01,42,Laptop,SmartTV
A01992,V0189,M014,2025-02-12,2025-02,22,TV,iOS
A01993,V0189,M003,2025-01-26,2025-01,42,Mobile,SmartTV
A01994,V0189,M018,2025-04-05,2025-04,42,TV,Android
A01995,V0189,M008,2025-01-03,2025-01,41,Laptop,iOS
A01996,V0189,M017,2025-01-15,2025-01,37,TV,iOS
A01997,V0189,M016,2025-02-09,2025-02,50,Laptop,Web
A01998,V0189,M015,2025-03-04,2025-03,42,Mobile,Android
A01999,V0189,M006,2025-01-11,2025-01,68,TV,iOS
A02000,V0189,M010,2025-04-28,2025-04,82,Tablet,SmartTV
A02001,V0189,M017,2025-04-30,2025-04,86,Laptop,SmartTV
A02002,V0189,M025,2025-03-06,2025-03,72,TV,SmartTV
A02003,V0189,M005,2025-01-10,2025-01,29,Laptop,Web
A02004,V0189,M004,2025-04-16,2025-04,68,Laptop,Web
A02005,V0189,M001,2025-03-22,2025-03,45,Mobile,Android
A02006,V0190,M025,2025-02-07,2025-02,95,TV,Web
A02007,V0190,M013,2025-03-04,2025-03,22,TV,SmartTV
A02008,V0190,M009,2025-05-05,2025-05,79,Tablet,Web
A02009,V0190,M007,2025-04-29,2025-04,73,Mobile,Android
A02010,V0190,M005,2025-01-26,2025-01,67,Mobile,Web
A02011,V0190,M015,2025-04-09,2025-04,75,Mobile,Web
A02012,V0190,M012,2025-05-03,2025-05,81,Mobile,Web
A02013,V0190,M011,2025-02-19,2025-02,84,TV,iOS
A02014,V0190,M004,2025-02-07,2025-02,91,Laptop,iOS
A02015,V0190,M001,2025-02-25,2025-02,86,Laptop,iOS
A02016,V0190,M015,2025-04-14,2025-04,98,Tablet,Web
A02017,V0190,M020,2025-03-25,2025-03,67,Mobile,iOS
A02018,V0190,M015,2025-05-05,2025-05,85,Mobile,iOS
A02019,V0190,M005,2025-04-07,2025-04,76,Laptop,Android
A02020,V0190,M005,2025-02-20,2025-02,98,Tablet,Web
A02021,V0191,M008,2025-01-11,2025-01,58,Mobile,Android
A02022,V0191,M007,2025-04-18,2025-04,44,Tablet,Android
A02023,V0191,M014,2025-03-07,2025-03,20,Mobile,Android
A02024,V0191,M002,2025-03-09,2025-03,81,Mobile,Android
A02025,V0191,M015,2025-02-12,2025-02,83,Mobile,iOS
A02026,V0191,M022,2025-04-28,2025-04,98,Laptop,SmartTV
A02027,V0191,M009,2025-03-26,2025-03,61,TV,Web
A02028,V0191,M020,2025-03-04,2025-03,22,Tablet,SmartTV
A02029,V0191,M009,2025-03-26,2025-03,58,Tablet,SmartTV
A02030,V0191,M002,2025-03-18,2025-03,33,TV,Android
A02031,V0191,M008,2025-03-05,2025-03,39,Mobile,Web
A02032,V0191,M014,2025-04-13,2025-04,92,Laptop,Web
A02033,V0191,M003,2025-03-04,2025-03,99,Tablet,iOS
A02034,V0191,M025,2025-03-22,2025-03,75,Tablet,SmartTV
A02035,V0192,M014,2025-05-02,2025-05,62,Laptop,iOS
A02036,V0192,M010,2025-03-02,2025-03,82,Tablet,Android
A02037,V0192,M013,2025-04-21,2025-04,56,TV,Android
A02038,V0192,M011,2025-02-10,2025-02,61,Tablet,iOS
A02039,V0192,M004,2025-01-22,2025-01,21,TV,SmartTV
A02040,V0192,M016,2025-01-24,2025-01,39,Mobile,iOS
A02041,V0193,M006,2025-01-09,2025-01,57,Laptop,Web
A02042,V0193,M022,2025-01-23,2025-01,41,Laptop,Web
A02043,V0193,M004,2025-01-10,2025-01,30,Mobile,iOS
A02044,V0193,M007,2025-02-13,2025-02,82,Mobile,Web
A02045,V0193,M019,2025-03-16,2025-03,87,Mobile,Web
A02046,V0193,M005,2025-01-17,2025-01,97,Laptop,Android
A02047,V0193,M021,2025-01-25,2025-01,97,TV,Web
A02048,V0193,M002,2025-04-11,2025-04,40,Tablet,SmartTV
A02049,V0193,M012,2025-03-20,2025-03,71,Tablet,Android
A02050,V0193,M010,2025-03-25,2025-03,50,Tablet,Android
A02051,V0193,M023,2025-02-09,2025-02,30,Mobile,iOS
A02052,V0193,M005,2025-01-28,2025-01,36,TV,iOS
A02053,V0193,M010,2025-03-27,2025-03,60,TV,SmartTV
A02054,V0193,M014,2025-04-15,2025-04,90,Laptop,Android
A02055,V0193,M016,2025-01-09,2025-01,40,Tablet,Android
A02056,V0193,M012,2025-01-17,2025-01,24,Laptop,SmartTV
A02057,V0193,M006,2025-05-08,2025-05,70,Laptop,SmartTV
A02058,V0194,M011,2025-04-19,2025-04,60,TV,iOS
A02059,V0194,M006,2025-03-06,2025-03,31,Tablet,Web
A02060,V0194,M005,2025-01-11,2025-01,50,Tablet,Web
A02061,V0194,M007,2025-02-16,2025-02,24,Mobile,Web
A02062,V0194,M023,2025-03-29,2025-03,67,Laptop,iOS
A02063,V0194,M004,2025-05-04,2025-05,45,TV,Android
A02064,V0195,M022,2025-03-12,2025-03,70,TV,SmartTV
A02065,V0195,M025,2025-01-11,2025-01,95,Laptop,SmartTV
A02066,V0195,M002,2025-03-14,2025-03,22,Tablet,iOS
A02067,V0195,M016,2025-04-17,2025-04,97,TV,Web
A02068,V0195,M019,2025-02-27,2025-02,53,Laptop,iOS
A02069,V0195,M008,2025-03-07,2025-03,53,Mobile,Android
A02070,V0195,M002,2025-02-26,2025-02,50,Tablet,iOS
A02071,V0195,M014,2025-01-13,2025-01,55,Tablet,iOS
A02072,V0195,M017,2025-03-20,2025-03,26,Tablet,Android
A02073,V0195,M018,2025-03-15,2025-03,50,Tablet,Web
A02074,V0195,M006,2025-02-21,2025-02,74,Mobile,Web
A02075,V0195,M021,2025-03-04,2025-03,22,Mobile,Android
A02076,V0196,M006,2025-03-16,2025-03,52,Tablet,Android
A02077,V0196,M014,2025-02-22,2025-02,40,Laptop,iOS
A02078,V0196,M025,2025-03-15,2025-03,89,Mobile,iOS
A02079,V0196,M005,2025-02-01,2025-02,50,Mobile,Web
A02080,V0196,M006,2025-01-30,2025-01,63,Mobile,SmartTV
A02081,V0196,M017,2025-02-01,2025-02,98,Laptop,iOS
A02082,V0196,M012,2025-01-24,2025-01,42,Tablet,Android
A02083,V0196,M018,2025-03-06,2025-03,22,Mobile,iOS
A02084,V0196,M006,2025-02-07,2025-02,40,TV,SmartTV
A02085,V0196,M025,2025-03-31,2025-03,63,Tablet,SmartTV
A02086,V0197,M017,2025-04-14,2025-04,41,TV,SmartTV
A02087,V0197,M025,2025-01-18,2025-01,49,Tablet,SmartTV
A02088,V0197,M013,2025-03-24,2025-03,67,TV,iOS
A02089,V0197,M002,2025-04-26,2025-04,20,Laptop,iOS
A02090,V0197,M022,2025-04-06,2025-04,63,Tablet,iOS
A02091,V0198,M015,2025-01-22,2025-01,32,Mobile,Android
A02092,V0198,M016,2025-05-07,2025-05,90,Laptop,iOS
A02093,V0198,M020,2025-01-09,2025-01,60,TV,Web
A02094,V0198,M018,2025-04-19,2025-04,24,Mobile,iOS
A02095,V0198,M010,2025-02-05,2025-02,53,Tablet,Android
A02096,V0198,M009,2025-03-29,2025-03,29,Laptop,iOS
A02097,V0198,M016,2025-03-20,2025-03,58,Tablet,iOS
A02098,V0198,M001,2025-03-14,2025-03,43,Mobile,Android
A02099,V0198,M017,2025-01-26,2025-01,34,Mobile,Web
A02100,V0198,M025,2025-03-27,2025-03,35,TV,Android
A02101,V0198,M019,2025-01-21,2025-01,26,Laptop,Web
A02102,V0198,M025,2025-01-21,2025-01,90,Laptop,Web
A02103,V0199,M013,2025-01-11,2025-01,73,Mobile,Web
A02104,V0199,M009,2025-01-14,2025-01,28,Mobile,iOS
A02105,V0199,M004,2025-05-03,2025-05,80,Laptop,SmartTV
A02106,V0199,M018,2025-01-28,2025-01,40,TV,iOS
A02107,V0199,M011,2025-02-13,2025-02,92,Mobile,iOS
A02108,V0200,M007,2025-02-02,2025-02,85,TV,SmartTV
A02109,V0200,M001,2025-03-11,2025-03,44,Tablet,Android
A02110,V0200,M002,2025-04-21,2025-04,98,Tablet,Android
A02111,V0200,M017,2025-03-16,2025-03,37,Tablet,SmartTV
A02112,V0200,M019,2025-03-15,2025-03,51,Mobile,SmartTV
A02113,V0200,M009,2025-05-08,2025-05,34,Tablet,Android
A02114,V0200,M024,2025-03-06,2025-03,36,TV,iOS
A02115,V0200,M022,2025-03-05,2025-03,25,TV,Android
A02116,V0200,M024,2025-01-12,2025-01,29,Tablet,Android
A02117,V0200,M007,2025-03-12,2025-03,93,Mobile,Android
A02118,V0200,M023,2025-01-29,2025-01,21,Tablet,iOS
A02119,V0200,M011,2025-02-22,2025-02,38,TV,iOS
A02120,V0200,M012,2025-03-25,2025-03,68,Laptop,SmartTV
A02121,V0200,M022,2025-02-21,2025-02,38,TV,SmartTV
A02122,V0200,M012,2025-02-18,2025-02,51,Tablet,SmartTV
A02123,V0200,M009,2025-04-22,2025-04,52,Mobile,SmartTV
A02124,V0200,M015,2025-02-10,2025-02,27,Tablet,Web
A02125,V0201,M014,2025-01-29,2025-01,38,Laptop,Web
A02126,V0201,M006,2025-04-20,2025-04,80,Mobile,SmartTV
A02127,V0201,M012,2025-03-19,2025-03,48,Tablet,Android
A02128,V0201,M023,2025-03-12,2025-03,69,Laptop,Android
A02129,V0201,M016,2025-02-26,2025-02,37,Mobile,Android
A02130,V0201,M021,2025-05-05,2025-05,48,TV,iOS
A02131,V0201,M009,2025-04-05,2025-04,52,Mobile,Web
A02132,V0201,M022,2025-03-21,2025-03,71,Mobile,iOS
A02133,V0202,M004,2025-03-03,2025-03,52,TV,Android
A02134,V0202,M021,2025-05-08,2025-05,20,TV,iOS
A02135,V0202,M011,2025-04-18,2025-04,63,Mobile,SmartTV
A02136,V0202,M007,2025-02-17,2025-02,59,Tablet,Web
A02137,V0202,M023,2025-03-11,2025-03,45,Tablet,Web
A02138,V0202,M004,2025-04-08,2025-04,99,TV,Android
A02139,V0202,M011,2025-01-12,2025-01,65,Tablet,Android
A02140,V0202,M018,2025-03-27,2025-03,49,Tablet,iOS
A02141,V0202,M023,2025-01-20,2025-01,92,TV,Android
A02142,V0202,M014,2025-01-12,2025-01,79,Tablet,iOS
A02143,V0202,M004,2025-04-23,2025-04,37,TV,Android
A02144,V0202,M007,2025-04-05,2025-04,24,Laptop,iOS
A02145,V0202,M019,2025-04-15,2025-04,55,Tablet,Android
A02146,V0202,M003,2025-03-29,2025-03,98,Mobile,iOS
A02147,V0202,M009,2025-03-03,2025-03,80,Laptop,Android
A02148,V0202,M022,2025-01-02,2025-01,47,Tablet,Web
A02149,V0202,M004,2025-01-23,2025-01,94,TV,Web
A02150,V0202,M001,2025-04-20,2025-04,64,Laptop,SmartTV
A02151,V0202,M018,2025-02-12,2025-02,32,Mobile,Web
A02152,V0202,M007,2025-02-14,2025-02,49,Mobile,Android
A02153,V0203,M007,2025-02-20,2025-02,57,Tablet,iOS
A02154,V0203,M022,2025-04-26,2025-04,99,TV,iOS
A02155,V0203,M004,2025-02-22,2025-02,100,Laptop,SmartTV
A02156,V0203,M005,2025-01-17,2025-01,80,Tablet,iOS
A02157,V0203,M006,2025-04-06,2025-04,88,TV,SmartTV
A02158,V0203,M004,2025-01-22,2025-01,47,Mobile,Android
A02159,V0203,M014,2025-01-28,2025-01,49,TV,Web
A02160,V0203,M023,2025-03-26,2025-03,40,TV,SmartTV
A02161,V0204,M006,2025-04-24,2025-04,60,Laptop,Android
A02162,V0204,M024,2025-01-06,2025-01,71,Laptop,SmartTV
A02163,V0204,M025,2025-04-30,2025-04,94,Mobile,Android
A02164,V0204,M002,2025-02-28,2025-02,88,Mobile,SmartTV
A02165,V0204,M013,2025-02-04,2025-02,86,TV,Android
A02166,V0204,M005,2025-03-03,2025-03,85,Mobile,Android
A02167,V0204,M018,2025-01-22,2025-01,87,Mobile,Web
A02168,V0204,M009,2025-03-27,2025-03,37,TV,iOS
A02169,V0204,M014,2025-05-06,2025-05,37,TV,iOS
A02170,V0204,M017,2025-02-07,2025-02,76,Mobile,SmartTV
A02171,V0204,M024,2025-01-21,2025-01,61,Tablet,Android
A02172,V0204,M022,2025-03-12,2025-03,23,Mobile,iOS
A02173,V0204,M025,2025-01-07,2025-01,23,Mobile,iOS
A02174,V0204,M011,2025-02-12,2025-02,94,Mobile,iOS
A02175,V0204,M023,2025-02-18,2025-02,32,Tablet,Web
A02176,V0205,M021,2025-01-07,2025-01,39,Laptop,Web
A02177,V0205,M013,2025-01-30,2025-01,57,Laptop,Web
A02178,V0205,M006,2025-01-22,2025-01,38,Tablet,Web
A02179,V0206,M017,2025-01-20,2025-01,42,Laptop,iOS
A02180,V0206,M011,2025-04-08,2025-04,25,Tablet,SmartTV
A02181,V0206,M001,2025-01-12,2025-01,26,Mobile,Web
A02182,V0206,M008,2025-04-07,2025-04,63,Mobile,Web
A02183,V0206,M024,2025-03-12,2025-03,39,Tablet,SmartTV
A02184,V0206,M019,2025-02-01,2025-02,72,TV,Web
A02185,V0206,M017,2025-02-28,2025-02,67,Mobile,Web
A02186,V0206,M010,2025-02-13,2025-02,68,Mobile,iOS
A02187,V0206,M021,2025-05-01,2025-05,72,TV,Android
A02188,V0206,M014,2025-04-28,2025-04,65,Mobile,Android
A02189,V0206,M005,2025-01-17,2025-01,54,Mobile,iOS
A02190,V0206,M013,2025-03-06,2025-03,35,Mobile,Web
A02191,V0206,M021,2025-03-08,2025-03,42,Tablet,SmartTV
A02192,V0206,M008,2025-02-19,2025-02,44,Mobile,SmartTV
A02193,V0206,M009,2025-03-04,2025-03,28,TV,SmartTV
A02194,V0206,M020,2025-03-17,2025-03,41,Laptop,SmartTV
A02195,V0206,M010,2025-02-10,2025-02,51,Tablet,Android
A02196,V0207,M024,2025-04-21,2025-04,33,Laptop,Web
A02197,V0207,M003,2025-04-29,2025-04,69,Laptop,SmartTV
A02198,V0207,M006,2025-04-01,2025-04,57,Mobile,Android
A02199,V0207,M013,2025-02-28,2025-02,67,Laptop,Android
A02200,V0207,M010,2025-02-19,2025-02,22,Mobile,SmartTV
A02201,V0207,M013,2025-03-20,2025-03,55,Laptop,iOS
A02202,V0207,M025,2025-02-27,2025-02,33,Laptop,Android
A02203,V0207,M018,2025-02-15,2025-02,62,TV,SmartTV
A02204,V0207,M020,2025-01-16,2025-01,63,Mobile,Web
A02205,V0207,M022,2025-01-15,2025-01,50,TV,Android
A02206,V0207,M007,2025-04-01,2025-04,87,Laptop,Web
A02207,V0207,M023,2025-02-01,2025-02,48,TV,iOS
A02208,V0207,M003,2025-01-25,2025-01,96,Tablet,SmartTV
A02209,V0208,M018,2025-01-13,2025-01,45,TV,iOS
A02210,V0208,M021,2025-02-20,2025-02,47,TV,SmartTV
A02211,V0208,M021,2025-03-24,2025-03,25,Tablet,iOS
A02212,V0208,M024,2025-01-20,2025-01,98,Tablet,Web
A02213,V0208,M013,2025-01-25,2025-01,84,Tablet,iOS
A02214,V0209,M006,2025-02-23,2025-02,23,Mobile,Web
A02215,V0209,M025,2025-04-17,2025-04,90,TV,iOS
A02216,V0210,M023,2025-04-07,2025-04,80,Tablet,Web
A02217,V0210,M024,2025-03-14,2025-03,35,Tablet,iOS
A02218,V0210,M020,2025-02-24,2025-02,67,Laptop,Android
A02219,V0210,M002,2025-01-20,2025-01,97,Mobile,iOS
A02220,V0210,M017,2025-03-15,2025-03,89,Laptop,Android
A02221,V0210,M008,2025-04-12,2025-04,81,Laptop,iOS
A02222,V0210,M019,2025-02-05,2025-02,44,TV,Android
A02223,V0210,M007,2025-02-07,2025-02,50,Tablet,Web
A02224,V0210,M011,2025-03-28,2025-03,29,Mobile,Web
A02225,V0211,M023,2025-03-17,2025-03,86,Tablet,iOS
A02226,V0211,M012,2025-01-06,2025-01,50,Tablet,SmartTV
A02227,V0211,M014,2025-04-22,2025-04,25,Mobile,iOS
A02228,V0212,M014,2025-01-05,2025-01,44,Mobile,Android
A02229,V0212,M012,2025-04-10,2025-04,97,Mobile,iOS
A02230,V0212,M013,2025-02-09,2025-02,78,Mobile,Web
A02231,V0212,M024,2025-02-24,2025-02,42,TV,Web
A02232,V0212,M011,2025-04-02,2025-04,75,TV,SmartTV
A02233,V0212,M019,2025-01-28,2025-01,100,Tablet,SmartTV
A02234,V0213,M021,2025-02-06,2025-02,46,Laptop,Web
A02235,V0213,M024,2025-01-11,2025-01,50,Laptop,iOS
A02236,V0213,M017,2025-04-25,2025-04,63,Laptop,Android
A02237,V0213,M016,2025-02-04,2025-02,25,TV,Android
A02238,V0213,M021,2025-04-06,2025-04,35,Mobile,iOS
A02239,V0213,M022,2025-04-05,2025-04,22,Mobile,Web
A02240,V0213,M019,2025-01-17,2025-01,56,TV,iOS
A02241,V0213,M023,2025-04-26,2025-04,94,TV,SmartTV
A02242,V0213,M025,2025-04-18,2025-04,93,Tablet,Web
A02243,V0213,M018,2025-04-27,2025-04,86,Laptop,Android
A02244,V0213,M018,2025-04-04,2025-04,69,TV,Android
A02245,V0213,M011,2025-01-27,2025-01,22,Laptop,Android
A02246,V0213,M006,2025-02-18,2025-02,43,TV,Web
A02247,V0213,M025,2025-02-06,2025-02,71,Mobile,SmartTV
A02248,V0213,M020,2025-01-06,2025-01,80,TV,SmartTV
A02249,V0213,M021,2025-01-31,2025-01,73,Mobile,SmartTV
A02250,V0213,M006,2025-02-25,2025-02,91,TV,Android
A02251,V0213,M011,2025-04-03,2025-04,51,TV,iOS
A02252,V0213,M010,2025-01-01,2025-01,72,Mobile,Android
A02253,V0214,M020,2025-04-22,2025-04,23,TV,SmartTV
A02254,V0214,M019,2025-04-02,2025-04,38,Tablet,Web
A02255,V0214,M003,2025-04-08,2025-04,68,Laptop,SmartTV
A02256,V0214,M021,2025-01-19,2025-01,21,Tablet,SmartTV
A02257,V0214,M004,2025-02-07,2025-02,87,Laptop,Web
A02258,V0214,M025,2025-01-31,2025-01,44,Laptop,SmartTV
A02259,V0214,M018,2025-02-08,2025-02,95,Laptop,Web
A02260,V0214,M021,2025-01-11,2025-01,41,Tablet,Android
A02261,V0214,M001,2025-01-02,2025-01,85,Tablet,SmartTV
A02262,V0214,M013,2025-01-17,2025-01,34,Tablet,Android
A02263,V0214,M003,2025-01-21,2025-01,44,Laptop,iOS
A02264,V0214,M002,2025-01-17,2025-01,87,Mobile,Web
A02265,V0214,M003,2025-03-17,2025-03,97,Mobile,Web
A02266,V0214,M002,2025-04-27,2025-04,42,TV,SmartTV
A02267,V0214,M021,2025-04-16,2025-04,38,Mobile,Web
A02268,V0214,M008,2025-03-13,2025-03,22,Tablet,SmartTV
A02269,V0214,M015,2025-03-14,2025-03,40,Mobile,SmartTV
A02270,V0214,M005,2025-04-14,2025-04,36,TV,Web
A02271,V0214,M001,2025-01-24,2025-01,82,Tablet,SmartTV
A02272,V0214,M002,2025-02-11,2025-02,97,Mobile,Web
A02273,V0215,M013,2025-03-09,2025-03,44,TV,Android
A02274,V0215,M015,2025-03-01,2025-03,36,Laptop,Web
A02275,V0216,M007,2025-03-30,2025-03,33,Tablet,iOS
A02276,V0216,M015,2025-01-03,2025-01,41,Mobile,iOS
A02277,V0216,M020,2025-02-11,2025-02,68,Mobile,Android
A02278,V0216,M025,2025-04-19,2025-04,85,Laptop,Android
A02279,V0216,M015,2025-05-07,2025-05,93,Laptop,SmartTV
A02280,V0216,M004,2025-02-18,2025-02,77,Mobile,Web
A02281,V0216,M010,2025-03-09,2025-03,26,TV,Web
A02282,V0217,M005,2025-04-12,2025-04,85,Mobile,iOS
A02283,V0217,M014,2025-03-12,2025-03,26,TV,SmartTV
A02284,V0217,M007,2025-03-06,2025-03,70,Tablet,iOS
A02285,V0218,M015,2025-05-08,2025-05,85,TV,Android
A02286,V0218,M003,2025-01-04,2025-01,31,Tablet,Android
A02287,V0218,M004,2025-02-19,2025-02,86,Tablet,Android
A02288,V0218,M019,2025-03-29,2025-03,82,Tablet,Android
A02289,V0218,M025,2025-04-20,2025-04,89,TV,iOS
A02290,V0218,M017,2025-02-15,2025-02,60,Tablet,iOS
A02291,V0219,M008,2025-04-26,2025-04,22,Tablet,SmartTV
A02292,V0219,M013,2025-01-31,2025-01,81,Mobile,SmartTV
A02293,V0219,M016,2025-03-02,2025-03,86,TV,iOS
A02294,V0219,M012,2025-01-01,2025-01,89,TV,iOS
A02295,V0219,M022,2025-02-13,2025-02,48,Laptop,Web
A02296,V0219,M022,2025-02-10,2025-02,70,Laptop,iOS
A02297,V0219,M025,2025-03-27,2025-03,77,Mobile,Web
A02298,V0219,M013,2025-02-08,2025-02,29,TV,iOS
A02299,V0219,M019,2025-02-05,2025-02,92,Tablet,SmartTV
A02300,V0219,M025,2025-01-11,2025-01,95,Laptop,Android
A02301,V0219,M014,2025-03-15,2025-03,22,TV,Android
A02302,V0219,M002,2025-03-26,2025-03,97,TV,SmartTV
A02303,V0220,M017,2025-03-16,2025-03,36,Laptop,Web
A02304,V0220,M024,2025-01-17,2025-01,30,Laptop,Web
A02305,V0220,M015,2025-04-28,2025-04,76,Mobile,Web
A02306,V0220,M006,2025-03-02,2025-03,71,Tablet,SmartTV
A02307,V0220,M016,2025-02-20,2025-02,43,Mobile,SmartTV
A02308,V0220,M009,2025-04-08,2025-04,98,Mobile,SmartTV
A02309,V0220,M016,2025-05-07,2025-05,89,TV,SmartTV
A02310,V0220,M017,2025-05-08,2025-05,39,TV,Web
A02311,V0220,M017,2025-02-20,2025-02,24,Laptop,iOS
A02312,V0220,M013,2025-02-17,2025-02,100,TV,Web
A02313,V0221,M023,2025-03-10,2025-03,66,Tablet,SmartTV
A02314,V0221,M024,2025-03-26,2025-03,78,Mobile,iOS
A02315,V0221,M022,2025-02-01,2025-02,55,TV,Web
A02316,V0222,M009,2025-03-06,2025-03,87,Tablet,SmartTV
A02317,V0222,M019,2025-04-11,2025-04,37,Laptop,Web
A02318,V0222,M006,2025-03-05,2025-03,37,Laptop,SmartTV
A02319,V0222,M008,2025-02-19,2025-02,93,Mobile,Web
A02320,V0222,M013,2025-02-12,2025-02,30,Laptop,Android
A02321,V0222,M018,2025-03-28,2025-03,81,TV,Web
A02322,V0222,M013,2025-02-12,2025-02,41,Tablet,Android
A02323,V0222,M023,2025-02-26,2025-02,87,Laptop,iOS
A02324,V0222,M008,2025-01-28,2025-01,70,Laptop,Web
A02325,V0222,M001,2025-05-06,2025-05,53,Tablet,Web
A02326,V0222,M001,2025-03-24,2025-03,56,Laptop,Android
A02327,V0222,M001,2025-02-19,2025-02,100,Mobile,iOS
A02328,V0222,M004,2025-05-04,2025-05,81,TV,iOS
A02329,V0223,M017,2025-03-27,2025-03,50,Laptop,iOS
A02330,V0223,M003,2025-04-04,2025-04,70,Laptop,iOS
A02331,V0223,M011,2025-03-17,2025-03,33,Laptop,Web
A02332,V0223,M007,2025-01-28,2025-01,42,Laptop,Android
A02333,V0223,M014,2025-05-02,2025-05,87,Mobile,Android
A02334,V0223,M014,2025-04-25,2025-04,25,Mobile,Web
A02335,V0223,M005,2025-01-28,2025-01,31,Mobile,Web
A02336,V0223,M006,2025-04-27,2025-04,98,Mobile,SmartTV
A02337,V0224,M002,2025-02-03,2025-02,20,Laptop,Web
A02338,V0224,M005,2025-03-02,2025-03,87,Laptop,SmartTV
A02339,V0224,M006,2025-02-05,2025-02,91,Tablet,SmartTV
A02340,V0224,M002,2025-03-25,2025-03,84,Tablet,SmartTV
A02341,V0224,M018,2025-04-24,2025-04,58,TV,Android
A02342,V0224,M016,2025-03-28,2025-03,63,Laptop,Web
A02343,V0224,M024,2025-04-19,2025-04,60,Laptop,Android
A02344,V0224,M017,2025-02-02,2025-02,98,Mobile,iOS
A02345,V0224,M023,2025-04-20,2025-04,23,TV,iOS
A02346,V0224,M002,2025-01-11,2025-01,59,Laptop,Android
A02347,V0224,M019,2025-03-01,2025-03,50,TV,iOS
A02348,V0224,M011,2025-03-23,2025-03,46,Mobile,Web
A02349,V0224,M011,2025-05-04,2025-05,86,TV,SmartTV
A02350,V0224,M018,2025-02-16,2025-02,32,Laptop,Web
A02351,V0224,M010,2025-04-09,2025-04,95,Tablet,Android
A02352,V0224,M016,2025-02-26,2025-02,77,Tablet,Web
A02353,V0224,M021,2025-04-16,2025-04,20,TV,Web
A02354,V0224,M017,2025-02-12,2025-02,56,TV,iOS
A02355,V0224,M017,2025-02-25,2025-02,89,Mobile,Android
A02356,V0225,M003,2025-02-02,2025-02,97,TV,iOS
A02357,V0225,M021,2025-03-20,2025-03,31,Mobile,SmartTV
A02358,V0225,M024,2025-01-03,2025-01,86,TV,SmartTV
A02359,V0225,M009,2025-05-06,2025-05,46,Tablet,Web
A02360,V0225,M001,2025-02-12,2025-02,71,Mobile,SmartTV
A02361,V0225,M006,2025-02-16,2025-02,81,Tablet,Web
A02362,V0225,M009,2025-04-03,2025-04,100,Laptop,SmartTV
A02363,V0225,M005,2025-04-08,2025-04,93,Mobile,Web
A02364,V0226,M020,2025-01-24,2025-01,78,Tablet,Android
A02365,V0226,M024,2025-01-27,2025-01,26,TV,SmartTV
A02366,V0226,M004,2025-05-01,2025-05,28,Tablet,Android
A02367,V0226,M007,2025-04-24,2025-04,47,TV,iOS
A02368,V0226,M011,2025-02-16,2025-02,39,TV,SmartTV
A02369,V0226,M006,2025-01-26,2025-01,74,Laptop,iOS
A02370,V0227,M008,2025-02-06,2025-02,41,Laptop,Web
A02371,V0227,M023,2025-03-04,2025-03,89,TV,Web
A02372,V0227,M018,2025-03-20,2025-03,73,Mobile,SmartTV
A02373,V0227,M024,2025-04-29,2025-04,83,TV,Android
A02374,V0227,M013,2025-03-16,2025-03,22,Laptop,Web
A02375,V0227,M009,2025-05-08,2025-05,34,TV,SmartTV
A02376,V0227,M020,2025-04-23,2025-04,43,TV,SmartTV
A02377,V0227,M003,2025-02-11,2025-02,62,TV,SmartTV
A02378,V0227,M025,2025-05-08,2025-05,34,TV,SmartTV
A02379,V0227,M023,2025-03-25,2025-03,94,TV,Android
A02380,V0227,M005,2025-01-08,2025-01,32,TV,Web
A02381,V0228,M024,2025-01-14,2025-01,44,TV,iOS
A02382,V0228,M002,2025-03-09,2025-03,82,Tablet,SmartTV
A02383,V0228,M012,2025-02-23,2025-02,67,Laptop,Android
A02384,V0228,M008,2025-04-11,2025-04,25,TV,iOS
A02385,V0228,M009,2025-03-19,2025-03,69,Mobile,Web
A02386,V0228,M004,2025-04-28,2025-04,64,TV,Android
A02387,V0228,M024,2025-01-24,2025-01,39,TV,Web
A02388,V0228,M022,2025-01-07,2025-01,58,TV,SmartTV
A02389,V0228,M009,2025-02-19,2025-02,98,TV,iOS
A02390,V0228,M019,2025-04-17,2025-04,30,TV,SmartTV
A02391,V0228,M003,2025-01-30,2025-01,70,Mobile,Android
A02392,V0228,M024,2025-02-08,2025-02,46,TV,iOS
A02393,V0228,M022,2025-04-28,2025-04,79,TV,iOS
A02394,V0228,M004,2025-01-23,2025-01,34,Tablet,SmartTV
A02395,V0229,M005,2025-02-16,2025-02,35,Mobile,SmartTV
A02396,V0229,M005,2025-03-29,2025-03,87,Tablet,Android
A02397,V0229,M007,2025-02-24,2025-02,57,TV,SmartTV
A02398,V0229,M013,2025-03-28,2025-03,88,Mobile,Android
A02399,V0229,M015,2025-03-19,2025-03,33,TV,Web
A02400,V0230,M004,2025-01-24,2025-01,22,Tablet,Android
A02401,V0230,M011,2025-01-03,2025-01,61,TV,Android
A02402,V0230,M020,2025-03-15,2025-03,36,Mobile,Android
A02403,V0230,M023,2025-04-04,2025-04,68,Mobile,iOS
A02404,V0230,M007,2025-03-30,2025-03,94,Tablet,iOS
A02405,V0230,M025,2025-01-25,2025-01,78,Mobile,Android
A02406,V0230,M009,2025-02-18,2025-02,65,Laptop,Web
A02407,V0231,M010,2025-02-03,2025-02,23,Laptop,iOS
A02408,V0231,M024,2025-02-09,2025-02,38,Tablet,iOS
A02409,V0231,M014,2025-02-01,2025-02,98,TV,SmartTV
A02410,V0231,M008,2025-05-07,2025-05,27,TV,iOS
A02411,V0231,M015,2025-01-22,2025-01,74,Mobile,SmartTV
A02412,V0231,M008,2025-02-03,2025-02,56,Mobile,Web
A02413,V0231,M011,2025-03-08,2025-03,100,Mobile,Android
A02414,V0231,M023,2025-03-15,2025-03,51,Mobile,iOS
A02415,V0231,M001,2025-04-03,2025-04,83,Tablet,Web
A02416,V0231,M014,2025-03-20,2025-03,28,Laptop,SmartTV
A02417,V0231,M019,2025-03-31,2025-03,56,Tablet,Android
A02418,V0231,M008,2025-03-06,2025-03,33,TV,Web
A02419,V0231,M015,2025-04-22,2025-04,34,Mobile,iOS
A02420,V0231,M025,2025-01-31,2025-01,35,Mobile,Android
A02421,V0232,M024,2025-04-16,2025-04,49,Mobile,SmartTV
A02422,V0232,M013,2025-03-12,2025-03,82,TV,SmartTV
A02423,V0233,M002,2025-01-04,2025-01,32,Laptop,SmartTV
A02424,V0233,M004,2025-02-07,2025-02,23,Mobile,Web
A02425,V0233,M023,2025-01-16,2025-01,30,TV,iOS
A02426,V0233,M014,2025-04-26,2025-04,51,Mobile,SmartTV
A02427,V0233,M023,2025-02-28,2025-02,30,Mobile,Web
A02428,V0233,M012,2025-03-12,2025-03,58,TV,SmartTV
A02429,V0233,M006,2025-01-30,2025-01,45,Mobile,iOS
A02430,V0233,M019,2025-04-22,2025-04,64,Laptop,SmartTV
A02431,V0233,M014,2025-04-20,2025-04,52,Tablet,iOS
A02432,V0233,M007,2025-01-31,2025-01,20,Laptop,Android
A02433,V0233,M022,2025-02-21,2025-02,71,TV,SmartTV
A02434,V0233,M009,2025-04-22,2025-04,75,TV,iOS
A02435,V0233,M012,2025-01-17,2025-01,50,TV,SmartTV
A02436,V0233,M001,2025-01-09,2025-01,54,Tablet,SmartTV
A02437,V0233,M014,2025-01-26,2025-01,62,Mobile,iOS
A02438,V0233,M004,2025-01-13,2025-01,95,Tablet,SmartTV
A02439,V0233,M004,2025-03-06,2025-03,22,Laptop,Android
A02440,V0233,M018,2025-01-18,2025-01,92,Laptop,iOS
A02441,V0234,M008,2025-01-17,2025-01,42,Mobile,Web
A02442,V0234,M020,2025-01-10,2025-01,58,Tablet,SmartTV
A02443,V0234,M020,2025-05-07,2025-05,48,Mobile,Android
A02444,V0234,M015,2025-04-23,2025-04,35,Tablet,SmartTV
A02445,V0234,M020,2025-03-16,2025-03,72,Tablet,iOS
A02446,V0234,M005,2025-02-25,2025-02,56,Mobile,SmartTV
A02447,V0234,M016,2025-03-10,2025-03,49,TV,Web
A02448,V0234,M014,2025-02-16,2025-02,85,Laptop,iOS
A02449,V0234,M020,2025-04-25,2025-04,28,Laptop,Android
A02450,V0234,M014,2025-02-05,2025-02,47,Tablet,iOS
A02451,V0234,M017,2025-04-28,2025-04,41,Mobile,iOS
A02452,V0234,M014,2025-01-15,2025-01,23,Laptop,iOS
A02453,V0235,M003,2025-03-02,2025-03,98,Tablet,Android
A02454,V0235,M004,2025-01-22,2025-01,22,Laptop,iOS
A02455,V0235,M003,2025-04-13,2025-04,58,TV,Android
A02456,V0235,M025,2025-01-31,2025-01,65,TV,SmartTV
A02457,V0235,M017,2025-04-06,2025-04,21,TV,iOS
A02458,V0235,M001,2025-03-08,2025-03,25,Tablet,SmartTV
A02459,V0235,M011,2025-05-02,2025-05,31,TV,Android
A02460,V0235,M013,2025-01-22,2025-01,96,Tablet,iOS
A02461,V0235,M025,2025-01-22,2025-01,85,Tablet,Web
A02462,V0235,M006,2025-04-19,2025-04,84,TV,SmartTV
A02463,V0235,M024,2025-04-11,2025-04,81,Mobile,Web
A02464,V0235,M002,2025-04-01,2025-04,35,Laptop,iOS
A02465,V0235,M019,2025-04-19,2025-04,65,Tablet,iOS
A02466,V0235,M016,2025-03-05,2025-03,82,Laptop,Android
A02467,V0235,M011,2025-04-07,2025-04,33,Tablet,SmartTV
A02468,V0235,M006,2025-03-16,2025-03,25,Tablet,Web
A02469,V0235,M020,2025-04-07,2025-04,89,TV,Web
A02470,V0235,M020,2025-04-20,2025-04,54,Tablet,Web
A02471,V0235,M005,2025-01-17,2025-01,21,TV,Web
A02472,V0236,M013,2025-02-06,2025-02,65,TV,SmartTV
A02473,V0236,M009,2025-02-02,2025-02,84,TV,Web
A02474,V0236,M018,2025-04-13,2025-04,84,TV,iOS
A02475,V0236,M014,2025-02-05,2025-02,70,Tablet,Android
A02476,V0236,M025,2025-04-24,2025-04,93,Mobile,SmartTV
A02477,V0237,M020,2025-01-17,2025-01,58,Mobile,Android
A02478,V0237,M004,2025-03-05,2025-03,96,TV,Android
A02479,V0238,M004,2025-03-01,2025-03,80,Tablet,iOS
A02480,V0238,M011,2025-02-17,2025-02,25,Laptop,Web
A02481,V0238,M018,2025-01-25,2025-01,62,Mobile,Android
A02482,V0238,M012,2025-03-13,2025-03,83,TV,Web
A02483,V0238,M004,2025-01-25,2025-01,60,Mobile,Android
A02484,V0238,M023,2025-03-16,2025-03,23,Tablet,SmartTV
A02485,V0238,M003,2025-05-01,2025-05,81,Mobile,Android
A02486,V0238,M023,2025-03-08,2025-03,88,Mobile,iOS
A02487,V0238,M013,2025-04-29,2025-04,38,Mobile,Web
A02488,V0238,M003,2025-04-24,2025-04,72,Mobile,Android
A02489,V0238,M011,2025-02-17,2025-02,100,Tablet,Web
A02490,V0238,M018,2025-04-19,2025-04,88,TV,SmartTV
A02491,V0238,M023,2025-04-23,2025-04,84,Tablet,Web
A02492,V0238,M023,2025-01-24,2025-01,63,Laptop,Web
A02493,V0238,M022,2025-01-13,2025-01,35,TV,Android
A02494,V0239,M022,2025-05-03,2025-05,51,Tablet,iOS
A02495,V0239,M012,2025-01-30,2025-01,80,Mobile,SmartTV
A02496,V0239,M022,2025-01-16,2025-01,96,Tablet,Android
A02497,V0240,M011,2025-03-05,2025-03,36,Mobile,Web
A02498,V0240,M011,2025-04-06,2025-04,27,Tablet,SmartTV
A02499,V0240,M001,2025-01-13,2025-01,96,Laptop,Android
A02500,V0240,M010,2025-03-06,2025-03,26,Laptop,SmartTV
A02501,V0240,M013,2025-03-12,2025-03,91,Tablet,SmartTV
A02502,V0240,M016,2025-04-16,2025-04,61,Tablet,Web
A02503,V0240,M006,2025-01-04,2025-01,60,Tablet,Web
A02504,V0240,M016,2025-04-24,2025-04,88,Mobile,SmartTV
A02505,V0240,M010,2025-03-23,2025-03,44,Mobile,SmartTV
A02506,V0240,M005,2025-03-04,2025-03,53,Tablet,SmartTV
A02507,V0240,M005,2025-02-17,2025-02,63,Laptop,iOS
A02508,V0240,M004,2025-04-12,2025-04,62,Laptop,Android
A02509,V0240,M002,2025-01-03,2025-01,74,TV,Android
A02510,V0240,M004,2025-02-14,2025-02,57,TV,SmartTV
A02511,V0240,M014,2025-05-03,2025-05,80,Laptop,SmartTV
A02512,V0241,M025,2025-03-22,2025-03,28,Tablet,iOS
A02513,V0241,M004,2025-01-21,2025-01,55,Mobile,iOS
A02514,V0241,M012,2025-03-06,2025-03,86,Tablet,iOS
A02515,V0241,M001,2025-01-04,2025-01,80,Tablet,SmartTV
A02516,V0241,M023,2025-05-07,2025-05,36,TV,iOS
A02517,V0241,M006,2025-04-02,2025-04,21,Laptop,SmartTV
A02518,V0242,M023,2025-04-15,2025-04,41,Tablet,iOS
A02519,V0242,M005,2025-01-29,2025-01,26,TV,Web
A02520,V0242,M008,2025-05-03,2025-05,49,Tablet,Web
A02521,V0242,M023,2025-04-09,2025-04,26,Tablet,Web
A02522,V0242,M021,2025-02-13,2025-02,53,TV,Web
A02523,V0242,M005,2025-02-01,2025-02,91,TV,Web
A02524,V0243,M012,2025-03-10,2025-03,24,Tablet,Web
A02525,V0243,M010,2025-04-05,2025-04,79,Laptop,Android
A02526,V0243,M007,2025-01-20,2025-01,37,TV,Android
A02527,V0243,M023,2025-04-25,2025-04,88,Tablet,iOS
A02528,V0243,M015,2025-04-23,2025-04,46,TV,Web
A02529,V0243,M021,2025-02-12,2025-02,41,Mobile,Android
A02530,V0243,M018,2025-04-08,2025-04,41,Mobile,SmartTV
A02531,V0243,M012,2025-01-04,2025-01,89,Mobile,iOS
A02532,V0243,M020,2025-04-10,2025-04,25,Laptop,Web
A02533,V0243,M023,2025-02-19,2025-02,69,TV,Web
A02534,V0244,M017,2025-02-07,2025-02,99,TV,Web
A02535,V0244,M008,2025-03-20,2025-03,24,Mobile,iOS
A02536,V0244,M023,2025-04-12,2025-04,80,Laptop,iOS
A02537,V0244,M014,2025-03-30,2025-03,55,Laptop,Web
A02538,V0244,M022,2025-04-03,2025-04,53,Tablet,iOS
A02539,V0244,M018,2025-02-23,2025-02,66,Mobile,SmartTV
A02540,V0244,M020,2025-02-25,2025-02,90,Mobile,iOS
A02541,V0244,M021,2025-03-24,2025-03,96,Mobile,Android
A02542,V0244,M018,2025-04-27,2025-04,85,Laptop,SmartTV
A02543,V0244,M020,2025-04-19,2025-04,87,TV,iOS
A02544,V0244,M010,2025-03-22,2025-03,94,TV,SmartTV
A02545,V0244,M004,2025-03-12,2025-03,37,Laptop,SmartTV
A02546,V0244,M008,2025-01-10,2025-01,96,Tablet,Web
A02547,V0244,M006,2025-03-10,2025-03,46,TV,SmartTV
A02548,V0244,M006,2025-03-02,2025-03,92,Mobile,Android
A02549,V0244,M004,2025-05-08,2025-05,70,TV,Android
A02550,V0244,M006,2025-01-13,2025-01,93,TV,Android
A02551,V0244,M005,2025-02-01,2025-02,34,Mobile,Android
A02552,V0244,M008,2025-02-14,2025-02,22,Mobile,SmartTV
A02553,V0245,M014,2025-04-08,2025-04,25,Mobile,SmartTV
A02554,V0245,M023,2025-04-09,2025-04,21,Mobile,Web
A02555,V0245,M007,2025-04-06,2025-04,31,Laptop,iOS
A02556,V0245,M024,2025-03-02,2025-03,57,Laptop,Android
A02557,V0245,M021,2025-01-22,2025-01,85,Mobile,SmartTV
A02558,V0245,M009,2025-04-18,2025-04,37,TV,Web
A02559,V0245,M010,2025-04-15,2025-04,60,Mobile,iOS
A02560,V0245,M001,2025-02-20,2025-02,22,Tablet,SmartTV
A02561,V0245,M006,2025-01-01,2025-01,55,Laptop,SmartTV
A02562,V0245,M015,2025-01-20,2025-01,22,Mobile,SmartTV
A02563,V0245,M014,2025-04-10,2025-04,54,Mobile,iOS
A02564,V0245,M001,2025-04-11,2025-04,58,Mobile,iOS
A02565,V0245,M023,2025-02-27,2025-02,20,Tablet,Web
A02566,V0245,M004,2025-04-13,2025-04,95,Laptop,SmartTV
A02567,V0245,M002,2025-01-04,2025-01,91,TV,SmartTV
A02568,V0245,M014,2025-02-21,2025-02,90,TV,SmartTV
A02569,V0246,M024,2025-04-14,2025-04,69,Tablet,iOS
A02570,V0246,M017,2025-03-01,2025-03,75,Mobile,SmartTV
A02571,V0246,M017,2025-05-05,2025-05,29,Laptop,iOS
A02572,V0246,M012,2025-04-20,2025-04,66,Tablet,iOS
A02573,V0246,M019,2025-04-27,2025-04,22,TV,Android
A02574,V0246,M001,2025-01-23,2025-01,75,Laptop,SmartTV
A02575,V0246,M021,2025-02-17,2025-02,21,Laptop,iOS
A02576,V0246,M018,2025-01-02,2025-01,67,TV,iOS
A02577,V0246,M015,2025-04-03,2025-04,85,Laptop,iOS
A02578,V0246,M015,2025-05-05,2025-05,57,Mobile,Android
A02579,V0246,M016,2025-03-17,2025-03,97,TV,iOS
A02580,V0246,M004,2025-02-07,2025-02,31,Tablet,Android
A02581,V0246,M014,2025-03-10,2025-03,40,TV,SmartTV
A02582,V0246,M011,2025-01-20,2025-01,26,Laptop,Web
A02583,V0246,M009,2025-02-03,2025-02,90,Laptop,Web
A02584,V0246,M012,2025-05-05,2025-05,60,Tablet,Android
A02585,V0246,M001,2025-02-06,2025-02,66,Tablet,iOS
A02586,V0246,M023,2025-01-05,2025-01,26,Mobile,SmartTV
A02587,V0246,M008,2025-03-29,2025-03,55,Mobile,SmartTV
A02588,V0247,M007,2025-02-04,2025-02,80,TV,Android
A02589,V0247,M018,2025-03-25,2025-03,55,Mobile,iOS
A02590,V0247,M003,2025-05-05,2025-05,86,TV,Android
A02591,V0247,M023,2025-03-09,2025-03,77,TV,iOS
A02592,V0247,M005,2025-04-18,2025-04,69,Laptop,iOS
A02593,V0247,M016,2025-01-17,2025-01,64,Mobile,iOS
A02594,V0247,M004,2025-04-06,2025-04,98,TV,SmartTV
A02595,V0248,M022,2025-01-23,2025-01,43,Tablet,iOS
A02596,V0248,M024,2025-01-12,2025-01,66,TV,SmartTV
A02597,V0248,M002,2025-02-04,2025-02,25,Mobile,SmartTV
A02598,V0248,M003,2025-04-21,2025-04,60,Mobile,iOS
A02599,V0248,M016,2025-03-07,2025-03,31,Laptop,Web
A02600,V0249,M008,2025-02-06,2025-02,86,Tablet,SmartTV
A02601,V0249,M019,2025-02-24,2025-02,64,TV,Web
A02602,V0249,M009,2025-05-01,2025-05,72,Mobile,Android
A02603,V0249,M016,2025-02-21,2025-02,88,Mobile,Android
A02604,V0249,M025,2025-01-19,2025-01,53,Laptop,iOS
A02605,V0249,M005,2025-04-01,2025-04,98,Tablet,Android
A02606,V0249,M022,2025-02-16,2025-02,79,Laptop,Android
A02607,V0249,M024,2025-04-03,2025-04,52,TV,Web
A02608,V0249,M005,2025-04-18,2025-04,27,Tablet,Web
A02609,V0249,M018,2025-04-22,2025-04,74,Tablet,Android
A02610,V0249,M019,2025-02-26,2025-02,52,Laptop,Android
A02611,V0250,M010,2025-02-15,2025-02,49,Tablet,Web
A02612,V0250,M013,2025-02-05,2025-02,26,Laptop,Web
A02613,V0250,M002,2025-04-25,2025-04,55,Mobile,SmartTV
A02614,V0250,M012,2025-04-25,2025-04,62,Laptop,iOS
A02615,V0250,M012,2025-04-12,2025-04,46,TV,iOS
A02616,V0250,M020,2025-01-09,2025-01,62,Laptop,iOS
A02617,V0250,M002,2025-05-07,2025-05,59,Mobile,iOS
A02618,V0250,M008,2025-01-26,2025-01,32,Tablet,SmartTV
A02619,V0250,M004,2025-01-05,2025-01,62,Laptop,SmartTV
A02620,V0250,M022,2025-04-10,2025-04,42,TV,iOS
A02621,V0250,M013,2025-04-05,2025-04,60,Laptop,iOS
A02622,V0250,M022,2025-02-15,2025-02,30,TV,Android
A02623,V0250,M015,2025-03-22,2025-03,65,Mobile,iOS
A02624,V0250,M006,2025-04-17,2025-04,26,Mobile,Web
A02625,V0250,M004,2025-03-28,2025-03,43,Laptop,Web
A02626,V0250,M015,2025-03-28,2025-03,76,Laptop,iOS
A02627,V0250,M016,2025-01-26,2025-01,44,TV,SmartTV
A02628,V0250,M020,2025-01-13,2025-01,95,Laptop,iOS
A02629,V0250,M008,2025-01-17,2025-01,21,Tablet,Web
A02630,V0251,M010,2025-01-04,2025-01,94,Mobile,iOS
A02631,V0251,M009,2025-03-31,2025-03,24,TV,SmartTV
A02632,V0251,M002,2025-03-14,2025-03,29,Laptop,iOS
A02633,V0251,M008,2025-03-28,2025-03,98,TV,Web
A02634,V0251,M012,2025-03-04,2025-03,92,Laptop,Android
A02635,V0251,M002,2025-04-03,2025-04,29,Mobile,iOS
A02636,V0251,M014,2025-05-05,2025-05,93,Mobile,iOS
A02637,V0251,M013,2025-04-20,2025-04,27,Mobile,SmartTV
A02638,V0252,M016,2025-03-09,2025-03,50,Tablet,Web
A02639,V0252,M023,2025-02-02,2025-02,47,TV,Web
A02640,V0252,M010,2025-04-06,2025-04,22,Mobile,SmartTV
A02641,V0252,M016,2025-04-28,2025-04,40,Laptop,Web
A02642,V0252,M001,2025-02-25,2025-02,64,Mobile,iOS
A02643,V0252,M016,2025-02-24,2025-02,60,Laptop,Android
A02644,V0252,M013,2025-02-17,2025-02,33,Tablet,Web
A02645,V0252,M006,2025-01-16,2025-01,43,TV,Android
A02646,V0252,M008,2025-03-20,2025-03,32,Mobile,iOS
A02647,V0252,M024,2025-01-09,2025-01,25,Tablet,iOS
A02648,V0252,M012,2025-03-04,2025-03,89,Tablet,Web
A02649,V0252,M008,2025-01-04,2025-01,34,Mobile,SmartTV
A02650,V0252,M013,2025-04-24,2025-04,37,Mobile,Web
A02651,V0252,M022,2025-03-27,2025-03,62,Tablet,Web
A02652,V0252,M019,2025-02-17,2025-02,41,Tablet,Web
A02653,V0252,M006,2025-04-12,2025-04,49,TV,SmartTV
A02654,V0253,M001,2025-02-06,2025-02,67,Laptop,Android
A02655,V0253,M003,2025-03-07,2025-03,79,Mobile,Android
A02656,V0253,M001,2025-04-24,2025-04,31,Laptop,Android
A02657,V0253,M008,2025-01-02,2025-01,44,Tablet,Android
A02658,V0253,M004,2025-02-13,2025-02,65,Mobile,SmartTV
A02659,V0253,M024,2025-01-02,2025-01,66,Mobile,SmartTV
A02660,V0253,M004,2025-01-29,2025-01,75,TV,Web
A02661,V0254,M018,2025-01-21,2025-01,95,Laptop,SmartTV
A02662,V0254,M023,2025-05-01,2025-05,32,Tablet,iOS
A02663,V0254,M023,2025-01-13,2025-01,50,Tablet,Android
A02664,V0254,M003,2025-04-07,2025-04,39,Tablet,Android
A02665,V0254,M017,2025-03-12,2025-03,59,Mobile,iOS
A02666,V0254,M017,2025-02-05,2025-02,81,TV,iOS
A02667,V0254,M002,2025-02-15,2025-02,47,Laptop,Android
A02668,V0254,M021,2025-02-28,2025-02,39,Mobile,Web
A02669,V0254,M003,2025-03-13,2025-03,82,Laptop,Android
A02670,V0254,M024,2025-02-03,2025-02,87,Mobile,iOS
A02671,V0254,M014,2025-04-03,2025-04,97,TV,iOS
A02672,V0254,M022,2025-02-02,2025-02,100,Mobile,Android
A02673,V0255,M021,2025-02-23,2025-02,55,TV,Android
A02674,V0255,M005,2025-02-03,2025-02,76,Tablet,Web
A02675,V0255,M005,2025-01-27,2025-01,67,TV,iOS
A02676,V0256,M017,2025-01-24,2025-01,62,Mobile,SmartTV
A02677,V0256,M009,2025-04-12,2025-04,20,Mobile,Web
A02678,V0256,M023,2025-03-01,2025-03,78,Tablet,Web
A02679,V0256,M013,2025-01-25,2025-01,88,TV,Android
A02680,V0256,M025,2025-01-19,2025-01,22,TV,iOS
A02681,V0256,M014,2025-01-19,2025-01,58,Tablet,iOS
A02682,V0257,M019,2025-02-25,2025-02,23,Laptop,Android
A02683,V0257,M024,2025-03-12,2025-03,99,Tablet,SmartTV
A02684,V0257,M006,2025-02-08,2025-02,30,TV,iOS
A02685,V0257,M014,2025-05-05,2025-05,84,Mobile,Web
A02686,V0257,M013,2025-04-05,2025-04,70,Tablet,iOS
A02687,V0257,M013,2025-03-01,2025-03,70,TV,iOS
A02688,V0257,M019,2025-04-11,2025-04,66,Mobile,Web
A02689,V0258,M010,2025-03-07,2025-03,24,Tablet,SmartTV
A02690,V0258,M013,2025-02-20,2025-02,59,TV,Android
A02691,V0258,M019,2025-04-17,2025-04,21,Laptop,SmartTV
A02692,V0258,M006,2025-04-27,2025-04,36,TV,SmartTV
A02693,V0258,M005,2025-04-22,2025-04,31,Laptop,Android
A02694,V0258,M009,2025-02-25,2025-02,37,Laptop,Web
A02695,V0258,M009,2025-02-08,2025-02,85,Mobile,SmartTV
A02696,V0258,M020,2025-01-26,2025-01,99,Tablet,Android
A02697,V0258,M021,2025-03-03,2025-03,59,Mobile,SmartTV
A02698,V0258,M009,2025-02-26,2025-02,91,Laptop,Android
A02699,V0258,M005,2025-03-14,2025-03,43,Laptop,iOS
A02700,V0258,M012,2025-03-02,2025-03,51,Laptop,Android
A02701,V0258,M002,2025-03-03,2025-03,30,Laptop,SmartTV
A02702,V0258,M013,2025-01-08,2025-01,54,Laptop,SmartTV
A02703,V0258,M025,2025-04-10,2025-04,92,Laptop,SmartTV
A02704,V0258,M011,2025-04-27,2025-04,95,Laptop,Web
A02705,V0258,M007,2025-04-03,2025-04,75,Laptop,SmartTV
A02706,V0258,M009,2025-04-11,2025-04,96,Tablet,iOS
A02707,V0258,M014,2025-02-23,2025-02,36,Mobile,Android
A02708,V0258,M011,2025-03-15,2025-03,22,Mobile,Web
A02709,V0259,M017,2025-01-23,2025-01,43,Tablet,Android
A02710,V0259,M011,2025-04-06,2025-04,68,Tablet,Web
A02711,V0259,M015,2025-02-16,2025-02,50,Mobile,SmartTV
A02712,V0259,M009,2025-02-04,2025-02,67,Mobile,Web
A02713,V0259,M006,2025-04-09,2025-04,56,Mobile,Web
A02714,V0259,M021,2025-02-20,2025-02,40,Tablet,iOS
A02715,V0259,M010,2025-03-23,2025-03,47,Mobile,SmartTV
A02716,V0259,M019,2025-04-16,2025-04,78,TV,iOS
A02717,V0259,M022,2025-01-05,2025-01,88,Mobile,SmartTV
A02718,V0259,M017,2025-04-02,2025-04,38,Mobile,iOS
A02719,V0259,M012,2025-04-25,2025-04,91,Laptop,Web
A02720,V0260,M007,2025-04-03,2025-04,55,TV,SmartTV
A02721,V0260,M017,2025-04-28,2025-04,54,Tablet,iOS
A02722,V0260,M004,2025-05-08,2025-05,40,Mobile,SmartTV
A02723,V0260,M011,2025-02-07,2025-02,76,Tablet,SmartTV
A02724,V0260,M005,2025-04-21,2025-04,61,Tablet,Android
A02725,V0260,M007,2025-04-30,2025-04,34,Laptop,iOS
A02726,V0260,M021,2025-01-12,2025-01,65,TV,SmartTV
A02727,V0261,M003,2025-01-07,2025-01,61,Mobile,iOS
A02728,V0261,M001,2025-02-08,2025-02,42,TV,iOS
A02729,V0261,M010,2025-02-17,2025-02,79,TV,iOS
A02730,V0261,M014,2025-01-07,2025-01,58,TV,iOS
A02731,V0261,M025,2025-02-25,2025-02,87,Mobile,SmartTV
A02732,V0261,M006,2025-01-09,2025-01,35,TV,SmartTV
A02733,V0261,M020,2025-03-30,2025-03,39,Tablet,Android
A02734,V0261,M024,2025-01-07,2025-01,43,Tablet,Android
A02735,V0261,M012,2025-02-02,2025-02,67,Laptop,Android
A02736,V0261,M008,2025-02-07,2025-02,39,Tablet,Android
A02737,V0261,M023,2025-02-18,2025-02,97,TV,iOS
A02738,V0261,M010,2025-04-04,2025-04,48,Laptop,Android
A02739,V0261,M005,2025-02-28,2025-02,74,Mobile,Web
A02740,V0261,M002,2025-05-01,2025-05,31,Mobile,SmartTV
A02741,V0261,M002,2025-02-17,2025-02,97,Tablet,iOS
A02742,V0261,M025,2025-02-10,2025-02,68,Mobile,iOS
A02743,V0261,M001,2025-05-06,2025-05,39,Tablet,iOS
A02744,V0261,M012,2025-02-26,2025-02,91,TV,iOS
A02745,V0261,M016,2025-04-22,2025-04,53,Laptop,SmartTV
A02746,V0262,M007,2025-03-25,2025-03,53,TV,Android
A02747,V0262,M007,2025-02-25,2025-02,39,TV,Android
A02748,V0262,M023,2025-01-05,2025-01,33,Laptop,Web
A02749,V0262,M005,2025-03-30,2025-03,92,TV,Android
A02750,V0262,M006,2025-04-01,2025-04,27,Tablet,Android
A02751,V0262,M020,2025-03-28,2025-03,67,Mobile,SmartTV
A02752,V0262,M008,2025-05-03,2025-05,28,Mobile,iOS
A02753,V0262,M009,2025-04-12,2025-04,82,Laptop,iOS
A02754,V0262,M008,2025-01-02,2025-01,60,TV,Web
A02755,V0262,M025,2025-02-01,2025-02,91,Laptop,Android
A02756,V0262,M001,2025-01-19,2025-01,69,TV,SmartTV
A02757,V0262,M022,2025-01-15,2025-01,56,Tablet,Android
A02758,V0262,M019,2025-05-02,2025-05,66,Tablet,iOS
A02759,V0262,M011,2025-03-12,2025-03,25,Laptop,Web
A02760,V0262,M009,2025-01-19,2025-01,100,Mobile,Web
A02761,V0262,M003,2025-04-20,2025-04,54,Mobile,iOS
A02762,V0262,M019,2025-03-29,2025-03,74,Laptop,iOS
A02763,V0263,M022,2025-01-24,2025-01,68,TV,Web
A02764,V0263,M015,2025-05-08,2025-05,43,Mobile,SmartTV
A02765,V0263,M001,2025-02-05,2025-02,52,TV,SmartTV
A02766,V0263,M006,2025-01-04,2025-01,99,Tablet,iOS
A02767,V0263,M005,2025-01-23,2025-01,59,Mobile,Android
A02768,V0263,M019,2025-03-04,2025-03,75,Tablet,SmartTV
A02769,V0263,M018,2025-04-27,2025-04,24,Tablet,Android
A02770,V0263,M003,2025-02-12,2025-02,82,Tablet,Android
A02771,V0263,M003,2025-02-17,2025-02,76,Tablet,iOS
A02772,V0263,M015,2025-03-28,2025-03,93,Tablet,SmartTV
A02773,V0263,M012,2025-03-02,2025-03,46,Laptop,Android
A02774,V0263,M004,2025-01-24,2025-01,68,Laptop,Web
A02775,V0263,M007,2025-01-08,2025-01,94,Laptop,Android
A02776,V0263,M008,2025-02-01,2025-02,25,TV,iOS
A02777,V0263,M019,2025-01-18,2025-01,23,Laptop,SmartTV
A02778,V0263,M013,2025-03-11,2025-03,92,Tablet,Web
A02779,V0263,M016,2025-01-02,2025-01,26,Mobile,Android
A02780,V0263,M014,2025-04-29,2025-04,59,Laptop,SmartTV
A02781,V0263,M016,2025-04-13,2025-04,93,Tablet,SmartTV
A02782,V0263,M010,2025-01-23,2025-01,45,Tablet,Web
A02783,V0264,M023,2025-01-09,2025-01,62,Mobile,iOS
A02784,V0264,M014,2025-03-04,2025-03,60,TV,SmartTV
A02785,V0264,M007,2025-01-10,2025-01,69,Laptop,SmartTV
A02786,V0264,M020,2025-02-17,2025-02,76,Mobile,iOS
A02787,V0264,M021,2025-04-02,2025-04,92,Tablet,Android
A02788,V0264,M011,2025-02-22,2025-02,67,Tablet,iOS
A02789,V0264,M006,2025-04-05,2025-04,34,TV,Android
A02790,V0264,M015,2025-04-16,2025-04,46,Tablet,Web
A02791,V0264,M008,2025-01-21,2025-01,98,Laptop,Web
A02792,V0264,M020,2025-04-11,2025-04,56,Tablet,SmartTV
A02793,V0264,M008,2025-03-18,2025-03,53,Laptop,Android
A02794,V0264,M010,2025-03-07,2025-03,59,Mobile,SmartTV
A02795,V0264,M019,2025-03-04,2025-03,51,Laptop,Web
A02796,V0264,M019,2025-04-26,2025-04,48,Laptop,SmartTV
A02797,V0264,M009,2025-01-05,2025-01,91,TV,Android
A02798,V0265,M002,2025-03-26,2025-03,73,TV,SmartTV
A02799,V0265,M024,2025-02-25,2025-02,88,Laptop,iOS
A02800,V0265,M008,2025-02-10,2025-02,21,Tablet,Android
A02801,V0265,M002,2025-02-14,2025-02,81,Mobile,SmartTV
A02802,V0265,M011,2025-03-19,2025-03,64,TV,Web
A02803,V0265,M021,2025-04-16,2025-04,63,Tablet,Android
A02804,V0265,M025,2025-02-02,2025-02,51,Mobile,iOS
A02805,V0265,M010,2025-03-13,2025-03,75,Laptop,SmartTV
A02806,V0265,M003,2025-02-07,2025-02,98,TV,iOS
A02807,V0266,M005,2025-04-02,2025-04,37,Mobile,Android
A02808,V0266,M024,2025-04-29,2025-04,70,Laptop,SmartTV
A02809,V0267,M011,2025-03-28,2025-03,80,Mobile,SmartTV
A02810,V0267,M003,2025-02-25,2025-02,53,Laptop,Web
A02811,V0267,M007,2025-03-08,2025-03,61,Tablet,SmartTV
A02812,V0267,M008,2025-01-22,2025-01,48,Laptop,iOS
A02813,V0267,M007,2025-03-17,2025-03,44,Tablet,Android
A02814,V0267,M022,2025-02-04,2025-02,51,TV,Web
A02815,V0267,M015,2025-03-16,2025-03,53,Tablet,Android
A02816,V0267,M021,2025-01-28,2025-01,58,TV,SmartTV
A02817,V0268,M014,2025-04-12,2025-04,23,Mobile,Web
A02818,V0268,M023,2025-02-06,2025-02,55,Tablet,iOS
A02819,V0268,M005,2025-01-23,2025-01,82,Tablet,Web
A02820,V0268,M003,2025-04-30,2025-04,44,Mobile,Web
A02821,V0268,M007,2025-03-23,2025-03,39,TV,Web
A02822,V0268,M002,2025-02-11,2025-02,91,Laptop,SmartTV
A02823,V0268,M013,2025-03-28,2025-03,77,Laptop,Android
A02824,V0268,M007,2025-02-21,2025-02,86,TV,Android
A02825,V0268,M001,2025-02-04,2025-02,37,Laptop,SmartTV
A02826,V0268,M019,2025-01-28,2025-01,46,Mobile,Android
A02827,V0268,M001,2025-02-26,2025-02,52,Tablet,SmartTV
A02828,V0268,M015,2025-01-18,2025-01,35,Tablet,SmartTV
A02829,V0268,M012,2025-01-03,2025-01,74,TV,SmartTV
A02830,V0268,M020,2025-03-30,2025-03,51,Mobile,Android
A02831,V0268,M009,2025-04-05,2025-04,27,Mobile,Android
A02832,V0268,M008,2025-03-08,2025-03,41,TV,iOS
A02833,V0268,M007,2025-03-11,2025-03,36,Mobile,Android
A02834,V0268,M018,2025-03-17,2025-03,28,Mobile,iOS
A02835,V0268,M015,2025-02-11,2025-02,36,Laptop,iOS
A02836,V0268,M012,2025-01-15,2025-01,72,Laptop,SmartTV
A02837,V0269,M016,2025-05-07,2025-05,53,Tablet,iOS
A02838,V0269,M020,2025-02-16,2025-02,26,Tablet,Web
A02839,V0269,M021,2025-02-28,2025-02,76,TV,SmartTV
A02840,V0269,M021,2025-02-07,2025-02,84,Mobile,Android
A02841,V0269,M005,2025-03-23,2025-03,25,Laptop,SmartTV
A02842,V0270,M025,2025-03-14,2025-03,52,TV,Android
A02843,V0270,M016,2025-03-05,2025-03,44,Tablet,iOS
A02844,V0270,M006,2025-01-26,2025-01,30,Mobile,iOS
A02845,V0270,M004,2025-04-28,2025-04,25,TV,Web
A02846,V0270,M023,2025-04-17,2025-04,98,Mobile,iOS
A02847,V0270,M015,2025-01-13,2025-01,57,Mobile,Android
A02848,V0270,M020,2025-02-08,2025-02,33,Laptop,Web
A02849,V0270,M006,2025-03-23,2025-03,34,Tablet,iOS
A02850,V0270,M006,2025-02-14,2025-02,83,Tablet,Web
A02851,V0270,M008,2025-02-26,2025-02,78,TV,Android
A02852,V0270,M001,2025-04-03,2025-04,39,TV,iOS
A02853,V0270,M013,2025-02-15,2025-02,61,Laptop,SmartTV
A02854,V0270,M007,2025-02-19,2025-02,20,TV,Android
A02855,V0270,M010,2025-03-17,2025-03,76,Mobile,Web
A02856,V0271,M017,2025-05-08,2025-05,96,Laptop,iOS
A02857,V0271,M009,2025-04-29,2025-04,41,Mobile,Web
A02858,V0271,M020,2025-04-07,2025-04,64,Mobile,Web
A02859,V0271,M007,2025-04-25,2025-04,52,TV,SmartTV
A02860,V0271,M014,2025-02-23,2025-02,96,Laptop,SmartTV
A02861,V0271,M008,2025-03-10,2025-03,77,Tablet,SmartTV
A02862,V0271,M011,2025-02-13,2025-02,65,TV,iOS
A02863,V0271,M014,2025-01-21,2025-01,64,Mobile,Android
A02864,V0271,M020,2025-02-04,2025-02,67,TV,Android
A02865,V0271,M019,2025-03-15,2025-03,29,Laptop,SmartTV
A02866,V0271,M007,2025-01-11,2025-01,95,Laptop,Web
A02867,V0271,M025,2025-04-13,2025-04,75,TV,SmartTV
A02868,V0271,M022,2025-02-09,2025-02,72,TV,Web
A02869,V0271,M022,2025-02-16,2025-02,75,Tablet,iOS
A02870,V0271,M011,2025-03-08,2025-03,85,Mobile,Web
A02871,V0271,M004,2025-02-19,2025-02,33,TV,iOS
A02872,V0271,M002,2025-03-11,2025-03,88,TV,Android
A02873,V0271,M003,2025-01-22,2025-01,39,Mobile,Android
A02874,V0272,M012,2025-03-17,2025-03,34,Laptop,Android
A02875,V0272,M014,2025-04-17,2025-04,83,Tablet,Web
A02876,V0272,M001,2025-01-27,2025-01,34,Laptop,Web
A02877,V0272,M018,2025-01-15,2025-01,59,Laptop,Android
A02878,V0273,M002,2025-04-10,2025-04,92,Tablet,SmartTV
A02879,V0273,M021,2025-05-03,2025-05,60,Laptop,SmartTV
A02880,V0274,M010,2025-04-13,2025-04,59,Mobile,SmartTV
A02881,V0274,M024,2025-02-03,2025-02,57,TV,iOS
A02882,V0274,M020,2025-02-06,2025-02,75,TV,Android
A02883,V0274,M003,2025-02-19,2025-02,22,Laptop,iOS
A02884,V0274,M002,2025-03-14,2025-03,98,Laptop,Android
A02885,V0274,M004,2025-03-14,2025-03,82,Mobile,iOS
A02886,V0274,M016,2025-04-25,2025-04,72,Laptop,iOS
A02887,V0274,M021,2025-02-11,2025-02,45,Mobile,iOS
A02888,V0274,M002,2025-02-26,2025-02,74,Tablet,iOS
A02889,V0274,M024,2025-02-13,2025-02,20,Mobile,iOS
A02890,V0274,M012,2025-02-20,2025-02,40,Laptop,Android
A02891,V0274,M018,2025-04-12,2025-04,32,Mobile,Web
A02892,V0274,M021,2025-01-12,2025-01,42,Laptop,Android
A02893,V0274,M017,2025-03-02,2025-03,20,Laptop,Android
A02894,V0275,M020,2025-02-13,2025-02,92,Mobile,iOS
A02895,V0275,M015,2025-04-12,2025-04,75,TV,SmartTV
A02896,V0275,M025,2025-04-22,2025-04,49,TV,Android
A02897,V0275,M017,2025-04-09,2025-04,46,TV,SmartTV
A02898,V0275,M014,2025-01-22,2025-01,63,Mobile,SmartTV
A02899,V0275,M006,2025-04-12,2025-04,33,TV,SmartTV
A02900,V0275,M018,2025-03-20,2025-03,20,Mobile,Android
A02901,V0275,M005,2025-02-10,2025-02,48,TV,iOS
A02902,V0275,M022,2025-02-27,2025-02,43,Tablet,iOS
A02903,V0275,M017,2025-05-03,2025-05,22,Tablet,SmartTV
A02904,V0275,M016,2025-04-09,2025-04,25,Tablet,Web
A02905,V0275,M019,2025-02-12,2025-02,88,Mobile,Web
A02906,V0275,M008,2025-01-20,2025-01,36,Tablet,SmartTV
A02907,V0275,M014,2025-01-30,2025-01,84,Mobile,Web
A02908,V0275,M019,2025-04-18,2025-04,88,TV,Web
A02909,V0276,M022,2025-05-08,2025-05,22,TV,SmartTV
A02910,V0276,M013,2025-04-05,2025-04,71,Tablet,Android
A02911,V0276,M020,2025-04-01,2025-04,32,TV,Web
A02912,V0276,M015,2025-02-22,2025-02,98,TV,Web
A02913,V0276,M011,2025-02-27,2025-02,54,Tablet,iOS
A02914,V0276,M025,2025-04-24,2025-04,58,TV,iOS
A02915,V0276,M015,2025-03-10,2025-03,80,TV,SmartTV
A02916,V0276,M014,2025-03-19,2025-03,76,Tablet,SmartTV
A02917,V0276,M001,2025-01-01,2025-01,96,Tablet,Web
A02918,V0276,M022,2025-05-08,2025-05,91,Laptop,Web
A02919,V0276,M013,2025-03-12,2025-03,85,TV,Web
A02920,V0276,M004,2025-04-16,2025-04,51,Laptop,SmartTV
A02921,V0276,M017,2025-03-29,2025-03,71,Mobile,SmartTV
A02922,V0277,M025,2025-01-08,2025-01,57,Laptop,iOS
A02923,V0277,M020,2025-02-12,2025-02,85,Tablet,iOS
A02924,V0277,M011,2025-02-13,2025-02,24,TV,SmartTV
A02925,V0277,M005,2025-04-28,2025-04,70,Tablet,Web
A02926,V0277,M018,2025-01-16,2025-01,89,TV,Web
A02927,V0277,M018,2025-03-06,2025-03,86,Mobile,Android
A02928,V0277,M001,2025-02-18,2025-02,25,Laptop,SmartTV
A02929,V0277,M010,2025-03-02,2025-03,96,Tablet,Web
A02930,V0277,M024,2025-01-28,2025-01,64,Tablet,Android
A02931,V0277,M001,2025-02-08,2025-02,67,Mobile,iOS
A02932,V0277,M001,2025-02-24,2025-02,64,Tablet,SmartTV
A02933,V0278,M019,2025-04-02,2025-04,46,Mobile,Web
A02934,V0278,M013,2025-03-16,2025-03,91,Laptop,Android
A02935,V0278,M015,2025-03-17,2025-03,77,Mobile,SmartTV
A02936,V0278,M024,2025-01-05,2025-01,35,Tablet,Android
A02937,V0278,M014,2025-01-09,2025-01,34,TV,SmartTV
A02938,V0279,M023,2025-02-01,2025-02,49,Laptop,Web
A02939,V0279,M010,2025-03-06,2025-03,96,Mobile,SmartTV
A02940,V0279,M016,2025-03-12,2025-03,63,Tablet,SmartTV
A02941,V0279,M012,2025-02-12,2025-02,24,Tablet,Android
A02942,V0279,M025,2025-02-02,2025-02,61,Laptop,SmartTV
A02943,V0279,M016,2025-02-05,2025-02,74,TV,Android
A02944,V0279,M006,2025-02-01,2025-02,21,Laptop,Android
A02945,V0279,M007,2025-03-17,2025-03,23,Laptop,SmartTV
A02946,V0279,M010,2025-05-03,2025-05,58,Laptop,Web
A02947,V0279,M012,2025-02-27,2025-02,75,Laptop,Android
A02948,V0279,M004,2025-03-01,2025-03,48,Laptop,iOS
A02949,V0279,M016,2025-01-21,2025-01,56,Laptop,Web
A02950,V0279,M007,2025-01-27,2025-01,96,Mobile,iOS
A02951,V0280,M013,2025-02-02,2025-02,43,Mobile,iOS
A02952,V0280,M023,2025-05-01,2025-05,38,Tablet,SmartTV
A02953,V0280,M006,2025-04-19,2025-04,88,TV,Web
A02954,V0280,M018,2025-03-24,2025-03,61,Laptop,Android
A02955,V0280,M006,2025-03-20,2025-03,64,TV,Web
A02956,V0280,M004,2025-04-14,2025-04,84,Laptop,SmartTV
A02957,V0280,M012,2025-01-22,2025-01,28,Mobile,Web
A02958,V0280,M002,2025-01-13,2025-01,59,Mobile,Web
A02959,V0280,M015,2025-04-27,2025-04,54,Tablet,Android
A02960,V0281,M021,2025-02-24,2025-02,38,Laptop,SmartTV
A02961,V0281,M017,2025-03-17,2025-03,79,Mobile,Web
A02962,V0281,M019,2025-03-18,2025-03,93,Tablet,Android
A02963,V0281,M009,2025-03-16,2025-03,46,Mobile,Web
A02964,V0281,M008,2025-05-06,2025-05,88,Mobile,Android
A02965,V0281,M007,2025-02-01,2025-02,47,Tablet,iOS
A02966,V0281,M003,2025-02-21,2025-02,86,TV,SmartTV
A02967,V0281,M002,2025-05-02,2025-05,88,TV,iOS
A02968,V0281,M012,2025-02-14,2025-02,89,Tablet,Android
A02969,V0281,M001,2025-03-15,2025-03,75,TV,Web
A02970,V0281,M022,2025-01-17,2025-01,43,Mobile,SmartTV
A02971,V0281,M023,2025-03-20,2025-03,61,TV,Web
A02972,V0281,M024,2025-02-27,2025-02,85,Mobile,iOS
A02973,V0282,M019,2025-01-28,2025-01,74,Tablet,Android
A02974,V0282,M010,2025-03-13,2025-03,83,Mobile,SmartTV
A02975,V0282,M015,2025-04-07,2025-04,95,Tablet,iOS
A02976,V0282,M010,2025-02-27,2025-02,70,TV,Web
A02977,V0282,M013,2025-04-21,2025-04,63,Mobile,iOS
A02978,V0282,M023,2025-01-10,2025-01,26,Laptop,SmartTV
A02979,V0282,M008,2025-01-05,2025-01,49,Laptop,Android
A02980,V0282,M004,2025-01-22,2025-01,96,Tablet,Web
A02981,V0282,M010,2025-02-13,2025-02,57,Tablet,Web
A02982,V0282,M024,2025-03-18,2025-03,98,Tablet,Web
A02983,V0282,M015,2025-02-13,2025-02,67,Tablet,Web
A02984,V0282,M021,2025-03-31,2025-03,36,Mobile,iOS
A02985,V0282,M006,2025-02-06,2025-02,76,Tablet,iOS
A02986,V0282,M005,2025-03-18,2025-03,89,TV,SmartTV
A02987,V0282,M003,2025-04-29,2025-04,62,Laptop,Web
A02988,V0282,M011,2025-01-26,2025-01,46,Tablet,SmartTV
A02989,V0282,M025,2025-02-10,2025-02,70,Mobile,iOS
A02990,V0282,M006,2025-02-25,2025-02,23,TV,Web
A02991,V0283,M018,2025-01-30,2025-01,93,TV,SmartTV
A02992,V0283,M018,2025-01-21,2025-01,63,Mobile,iOS
A02993,V0283,M024,2025-02-12,2025-02,76,Tablet,iOS
A02994,V0283,M012,2025-03-22,2025-03,91,Tablet,SmartTV
A02995,V0283,M019,2025-02-23,2025-02,67,Mobile,Web
A02996,V0283,M024,2025-01-06,2025-01,79,Mobile,Web
A02997,V0283,M007,2025-02-02,2025-02,70,Mobile,iOS
A02998,V0283,M004,2025-03-03,2025-03,30,Mobile,Android
A02999,V0283,M018,2025-02-02,2025-02,80,Laptop,Android
A03000,V0283,M021,2025-03-22,2025-03,35,TV,SmartTV
A03001,V0283,M002,2025-01-16,2025-01,87,Laptop,iOS
A03002,V0283,M017,2025-02-01,2025-02,56,Laptop,iOS
A03003,V0283,M005,2025-03-18,2025-03,79,TV,SmartTV
A03004,V0283,M003,2025-03-29,2025-03,87,Tablet,Android
A03005,V0283,M013,2025-04-13,2025-04,76,Mobile,Android
A03006,V0284,M017,2025-04-13,2025-04,51,TV,Web
A03007,V0284,M008,2025-01-16,2025-01,20,Laptop,Web
A03008,V0284,M025,2025-04-21,2025-04,66,Laptop,SmartTV
A03009,V0284,M022,2025-03-05,2025-03,62,Tablet,SmartTV
A03010,V0284,M008,2025-05-05,2025-05,43,Laptop,Web
A03011,V0284,M004,2025-01-26,2025-01,57,TV,SmartTV
A03012,V0284,M022,2025-01-11,2025-01,37,TV,SmartTV
A03013,V0284,M016,2025-02-16,2025-02,23,TV,SmartTV
A03014,V0284,M025,2025-04-07,2025-04,20,Laptop,Android
A03015,V0284,M010,2025-02-15,2025-02,30,Tablet,Web
A03016,V0284,M009,2025-01-18,2025-01,72,Mobile,iOS
A03017,V0284,M004,2025-04-29,2025-04,46,Laptop,Web
A03018,V0284,M014,2025-03-09,2025-03,67,Mobile,iOS
A03019,V0285,M022,2025-01-01,2025-01,82,TV,iOS
A03020,V0285,M009,2025-02-06,2025-02,73,TV,SmartTV
A03021,V0285,M005,2025-01-27,2025-01,53,Laptop,SmartTV
A03022,V0285,M004,2025-02-28,2025-02,60,TV,iOS
A03023,V0285,M019,2025-04-16,2025-04,25,Tablet,SmartTV
A03024,V0285,M013,2025-03-08,2025-03,97,Mobile,Android
A03025,V0285,M006,2025-03-13,2025-03,85,Tablet,Web
A03026,V0285,M011,2025-03-31,2025-03,50,Laptop,SmartTV
A03027,V0286,M016,2025-02-01,2025-02,54,TV,iOS
A03028,V0286,M021,2025-04-19,2025-04,91,Mobile,iOS
A03029,V0286,M025,2025-04-09,2025-04,24,TV,Web
A03030,V0286,M007,2025-01-17,2025-01,83,TV,SmartTV
A03031,V0286,M015,2025-04-02,2025-04,48,TV,Android
A03032,V0286,M013,2025-03-14,2025-03,77,Mobile,Web
A03033,V0287,M008,2025-01-03,2025-01,21,Mobile,Web
A03034,V0287,M007,2025-04-18,2025-04,43,TV,SmartTV
A03035,V0287,M005,2025-03-31,2025-03,41,Mobile,Web
A03036,V0287,M003,2025-02-13,2025-02,30,Mobile,Web
A03037,V0287,M015,2025-04-29,2025-04,20,Laptop,Web
A03038,V0288,M001,2025-01-15,2025-01,83,Laptop,iOS
A03039,V0288,M019,2025-02-25,2025-02,54,Laptop,Android
A03040,V0288,M018,2025-01-20,2025-01,99,Tablet,Web
A03041,V0288,M004,2025-02-06,2025-02,55,Tablet,iOS
A03042,V0289,M024,2025-05-02,2025-05,69,Laptop,SmartTV
A03043,V0289,M007,2025-02-16,2025-02,67,Mobile,SmartTV
A03044,V0289,M010,2025-02-06,2025-02,57,Mobile,Web
A03045,V0289,M023,2025-02-24,2025-02,73,Mobile,iOS
A03046,V0289,M018,2025-01-14,2025-01,44,Laptop,SmartTV
A03047,V0289,M017,2025-04-21,2025-04,68,TV,iOS
A03048,V0289,M016,2025-01-04,2025-01,89,Tablet,SmartTV
A03049,V0289,M023,2025-02-13,2025-02,39,Mobile,iOS
A03050,V0289,M020,2025-03-27,2025-03,70,Tablet,Android
A03051,V0289,M003,2025-04-03,2025-04,72,Mobile,iOS
A03052,V0289,M011,2025-04-30,2025-04,97,Laptop,iOS
A03053,V0289,M002,2025-01-25,2025-01,51,TV,Web
A03054,V0289,M019,2025-01-04,2025-01,79,TV,SmartTV
A03055,V0289,M003,2025-02-18,2025-02,77,TV,Android
A03056,V0289,M003,2025-01-28,2025-01,89,Tablet,iOS
A03057,V0289,M024,2025-05-01,2025-05,69,Tablet,Android
A03058,V0289,M006,2025-01-31,2025-01,52,Laptop,Web
A03059,V0289,M024,2025-04-15,2025-04,83,Mobile,Android
A03060,V0289,M018,2025-01-18,2025-01,20,Tablet,Web
A03061,V0289,M010,2025-03-04,2025-03,26,TV,Android
A03062,V0290,M010,2025-02-03,2025-02,66,TV,iOS
A03063,V0290,M021,2025-04-12,2025-04,38,Laptop,Android
A03064,V0290,M007,2025-03-11,2025-03,38,Mobile,Web
A03065,V0290,M010,2025-04-25,2025-04,43,Tablet,iOS
A03066,V0290,M007,2025-02-16,2025-02,100,Laptop,Web
A03067,V0290,M004,2025-02-27,2025-02,80,Tablet,iOS
A03068,V0290,M021,2025-04-30,2025-04,58,Mobile,Android
A03069,V0290,M009,2025-03-30,2025-03,65,Laptop,iOS
A03070,V0290,M013,2025-01-10,2025-01,33,Mobile,iOS
A03071,V0290,M011,2025-01-24,2025-01,75,Tablet,Web
A03072,V0290,M024,2025-04-16,2025-04,81,Tablet,SmartTV
A03073,V0291,M007,2025-04-29,2025-04,27,Mobile,Web
A03074,V0291,M010,2025-04-27,2025-04,23,TV,SmartTV
A03075,V0291,M022,2025-01-23,2025-01,34,Mobile,SmartTV
A03076,V0291,M010,2025-02-03,2025-02,75,Laptop,iOS
A03077,V0291,M002,2025-04-14,2025-04,87,TV,SmartTV
A03078,V0291,M020,2025-02-02,2025-02,61,TV,Web
A03079,V0292,M009,2025-04-22,2025-04,77,Mobile,Android
A03080,V0292,M004,2025-02-27,2025-02,87,Tablet,Web
A03081,V0292,M009,2025-04-21,2025-04,38,Mobile,Android
A03082,V0292,M003,2025-02-12,2025-02,82,TV,iOS
A03083,V0292,M012,2025-03-26,2025-03,46,TV,iOS
A03084,V0292,M002,2025-01-06,2025-01,90,Tablet,Android
A03085,V0292,M010,2025-04-14,2025-04,50,Mobile,iOS
A03086,V0292,M001,2025-01-24,2025-01,52,Mobile,SmartTV
A03087,V0292,M001,2025-01-06,2025-01,31,Tablet,Android
A03088,V0292,M008,2025-02-05,2025-02,83,TV,SmartTV
A03089,V0292,M024,2025-04-28,2025-04,99,Mobile,SmartTV
A03090,V0292,M001,2025-03-28,2025-03,89,Mobile,SmartTV
A03091,V0292,M016,2025-03-08,2025-03,51,Mobile,iOS
A03092,V0292,M001,2025-03-12,2025-03,48,TV,SmartTV
A03093,V0292,M004,2025-01-25,2025-01,51,Tablet,iOS
A03094,V0292,M004,2025-01-22,2025-01,31,Laptop,Web
A03095,V0292,M011,2025-02-06,2025-02,59,TV,iOS
A03096,V0292,M007,2025-03-08,2025-03,21,Mobile,Web
A03097,V0292,M007,2025-03-24,2025-03,55,Tablet,SmartTV
A03098,V0293,M015,2025-03-24,2025-03,93,Laptop,Web
A03099,V0293,M019,2025-03-11,2025-03,75,Tablet,Android
A03100,V0294,M004,2025-01-15,2025-01,37,Laptop,iOS
A03101,V0294,M005,2025-01-24,2025-01,84,TV,Android
A03102,V0294,M021,2025-02-26,2025-02,77,Laptop,iOS
A03103,V0295,M013,2025-02-06,2025-02,87,Laptop,iOS
A03104,V0295,M016,2025-03-09,2025-03,61,TV,SmartTV
A03105,V0295,M008,2025-04-02,2025-04,44,Tablet,Web
A03106,V0295,M006,2025-02-26,2025-02,78,Mobile,iOS
A03107,V0295,M010,2025-01-23,2025-01,99,Mobile,Android
A03108,V0295,M018,2025-03-26,2025-03,90,Mobile,SmartTV
A03109,V0296,M021,2025-02-15,2025-02,61,Laptop,iOS
A03110,V0296,M010,2025-04-12,2025-04,24,Mobile,SmartTV
A03111,V0296,M020,2025-02-14,2025-02,27,Laptop,SmartTV
A03112,V0296,M014,2025-01-07,2025-01,30,TV,Android
A03113,V0297,M005,2025-04-28,2025-04,23,Mobile,Android
A03114,V0297,M007,2025-02-02,2025-02,100,Tablet,iOS
A03115,V0297,M012,2025-01-23,2025-01,23,Laptop,Web
A03116,V0297,M001,2025-05-08,2025-05,74,Tablet,Web
A03117,V0297,M008,2025-03-08,2025-03,68,Mobile,Web
A03118,V0297,M021,2025-02-15,2025-02,76,Tablet,Android
A03119,V0297,M021,2025-03-18,2025-03,23,Mobile,iOS
A03120,V0297,M011,2025-03-02,2025-03,66,Tablet,Android
A03121,V0297,M024,2025-03-21,2025-03,39,Laptop,Android
A03122,V0297,M012,2025-04-18,2025-04,82,Tablet,Android
A03123,V0297,M006,2025-03-23,2025-03,36,Tablet,Android
A03124,V0297,M013,2025-04-26,2025-04,85,Tablet,SmartTV
A03125,V0297,M023,2025-04-10,2025-04,71,TV,Android
A03126,V0297,M009,2025-01-20,2025-01,76,Tablet,SmartTV
A03127,V0297,M017,2025-03-11,2025-03,57,Tablet,SmartTV
A03128,V0297,M003,2025-02-10,2025-02,27,TV,Web
A03129,V0297,M001,2025-01-10,2025-01,33,Laptop,SmartTV
A03130,V0297,M010,2025-02-07,2025-02,50,Laptop,Web
A03131,V0298,M010,2025-01-14,2025-01,73,Tablet,Android
A03132,V0298,M004,2025-02-08,2025-02,63,Tablet,Web
A03133,V0298,M020,2025-04-02,2025-04,65,Laptop,Android
A03134,V0298,M001,2025-04-13,2025-04,55,Laptop,iOS
A03135,V0298,M025,2025-02-01,2025-02,98,Tablet,Android
A03136,V0298,M018,2025-01-21,2025-01,38,Tablet,Android
A03137,V0298,M001,2025-04-20,2025-04,59,TV,Web
A03138,V0298,M022,2025-03-15,2025-03,84,TV,iOS
A03139,V0299,M017,2025-03-12,2025-03,73,Mobile,SmartTV
A03140,V0299,M013,2025-03-08,2025-03,64,Mobile,iOS
A03141,V0299,M002,2025-02-16,2025-02,40,Laptop,Web
A03142,V0299,M007,2025-03-13,2025-03,43,TV,iOS
A03143,V0299,M004,2025-04-13,2025-04,59,Tablet,iOS
A03144,V0299,M008,2025-05-08,2025-05,32,Tablet,iOS
A03145,V0299,M002,2025-02-21,2025-02,27,TV,iOS
A03146,V0299,M020,2025-04-25,2025-04,95,Mobile,iOS
A03147,V0299,M003,2025-03-12,2025-03,21,TV,Web
A03148,V0299,M016,2025-01-30,2025-01,33,Tablet,iOS
A03149,V0299,M019,2025-04-30,2025-04,91,Tablet,iOS
A03150,V0299,M025,2025-01-27,2025-01,69,TV,Web
A03151,V0299,M022,2025-01-14,2025-01,84,Laptop,iOS
A03152,V0299,M019,2025-03-14,2025-03,79,Laptop,Web
A03153,V0299,M001,2025-01-31,2025-01,46,Tablet,Web
A03154,V0299,M008,2025-03-28,2025-03,41,Mobile,iOS
A03155,V0299,M016,2025-02-12,2025-02,87,Tablet,iOS
A03156,V0299,M016,2025-02-05,2025-02,96,Mobile,Android
A03157,V0300,M004,2025-04-17,2025-04,74,Mobile,iOS
A03158,V0300,M025,2025-05-01,2025-05,36,TV,SmartTV
A03159,V0300,M009,2025-05-04,2025-05,35,TV,SmartTV
A03160,V0300,M011,2025-02-28,2025-02,77,Tablet,iOS
A03161,V0300,M001,2025-02-16,2025-02,90,Mobile,Web
A03162,V0300,M012,2025-04-30,2025-04,24,Mobile,Android
A03163,V0300,M021,2025-03-07,2025-03,57,TV,Android
A03164,V0300,M007,2025-04-12,2025-04,40,Mobile,SmartTV
A03165,V0300,M019,2025-01-10,2025-01,97,Tablet,Web
A03166,V0300,M015,2025-03-08,2025-03,80,Mobile,SmartTV
A03167,V0300,M015,2025-04-02,2025-04,75,Mobile,Android
A03168,V0300,M019,2025-04-04,2025-04,38,Mobile,Web
A03169,V0300,M002,2025-01-30,2025-01,58,TV,SmartTV
A03170,V0300,M003,2025-01-02,2025-01,21,TV,Android
A03171,V0300,M012,2025-01-12,2025-01,86,Laptop,Android
A03172,V0300,M010,2025-02-24,2025-02,34,TV,Android
A03173,V0278,M001,2025-04-19,2025-04,97,Laptop,iOS
A03174,V0013,M001,2025-04-15,2025-04,70,Laptop,iOS
A03175,V0308,M001,2025-04-28,2025-04,95,Mobile,iOS
A03176,V0440,M001,2025-04-21,2025-04,77,Mobile,Android
A03177,V0189,M001,2025-04-07,2025-04,99,Mobile,SmartTV
A03178,V0369,M001,2025-05-01,2025-05,81,Tablet,Web
A03179,V0366,M001,2025-04-26,2025-04,95,TV,Android
A03180,V0120,M001,2025-04-22,2025-04,79,Mobile,iOS
A03181,V0167,M001,2025-04-01,2025-04,70,Mobile,Web
A03182,V0216,M001,2025-05-02,2025-05,78,TV,SmartTV
A03183,V0420,M001,2025-05-03,2025-05,95,Tablet,iOS
A03184,V0242,M001,2025-04-21,2025-04,77,Laptop,Web
A03185,V0071,M001,2025-04-08,2025-04,87,Mobile,SmartTV
A03186,V0169,M001,2025-05-02,2025-05,95,Mobile,Android
A03187,V0304,M001,2025-04-15,2025-04,81,Tablet,iOS
A03188,V0186,M001,2025-04-22,2025-04,78,TV,SmartTV
A03189,V0391,M001,2025-04-03,2025-04,91,Tablet,Android
A03190,V0376,M001,2025-04-15,2025-04,82,Mobile,Android
A03191,V0403,M001,2025-04-19,2025-04,79,Tablet,Web
A03192,V0217,M001,2025-04-18,2025-04,94,Tablet,SmartTV
A03193,V0019,M001,2025-04-10,2025-04,81,Mobile,SmartTV
A03194,V0014,M001,2025-04-07,2025-04,84,TV,iOS
A03195,V0238,M001,2025-05-03,2025-05,73,Laptop,SmartTV
A03196,V0387,M001,2025-04-17,2025-04,90,Tablet,Android
A03197,V0341,M001,2025-05-01,2025-05,93,Mobile,Android
A03198,V0250,M001,2025-04-07,2025-04,80,Laptop,Android
A03199,V0009,M001,2025-05-04,2025-05,94,TV,SmartTV
A03200,V0421,M001,2025-04-19,2025-04,72,Laptop,Web
A03201,V0344,M001,2025-04-30,2025-04,75,Tablet,iOS
A03202,V0289,M001,2025-04-11,2025-04,75,Laptop,Web
A03203,V0351,M001,2025-04-26,2025-04,86,Tablet,Android
A03204,V0096,M001,2025-04-29,2025-04,87,Laptop,iOS
A03205,V0214,M001,2025-04-29,2025-04,83,Laptop,Android
A03206,V0229,M001,2025-04-01,2025-04,90,Tablet,Android
A03207,V0245,M001,2025-04-10,2025-04,100,Mobile,Android
A03208,V0107,M001,2025-04-22,2025-04,93,Tablet,SmartTV
A03209,V0355,M001,2025-04-27,2025-04,74,Laptop,Android
A03210,V0458,M001,2025-04-14,2025-04,86,Tablet,SmartTV
A03211,V0209,M001,2025-04-04,2025-04,98,Mobile,Web
A03212,V0471,M001,2025-05-04,2025-05,99,Tablet,Android
A03213,V0030,M001,2025-04-12,2025-04,92,Laptop,Web
A03214,V0133,M001,2025-04-16,2025-04,70,Laptop,iOS
A03215,V0484,M001,2025-05-04,2025-05,96,TV,SmartTV
A03216,V0296,M001,2025-04-13,2025-04,83,Mobile,Web
A03217,V0220,M001,2025-04-29,2025-04,100,Laptop,iOS
A03218,V0099,M001,2025-04-21,2025-04,91,Laptop,SmartTV
A03219,V0030,M001,2025-04-29,2025-04,93,Tablet,SmartTV
A03220,V0364,M001,2025-05-02,2025-05,80,Laptop,Web
A03221,V0224,M001,2025-04-11,2025-04,97,Mobile,iOS
A03222,V0426,M001,2025-04-16,2025-04,95,Laptop,Android
A03223,V0245,M001,2025-04-12,2025-04,76,Tablet,Android
A03224,V0374,M001,2025-04-30,2025-04,76,TV,iOS
A03225,V0090,M001,2025-04-12,2025-04,100,TV,SmartTV
A03226,V0055,M001,2025-04-07,2025-04,94,Mobile,SmartTV
A03227,V0334,M001,2025-04-24,2025-04,98,Tablet,SmartTV
A03228,V0496,M001,2025-04-08,2025-04,85,Mobile,SmartTV
A03229,V0030,M001,2025-04-11,2025-04,94,Laptop,Android
A03230,V0191,M001,2025-05-05,2025-05,73,Laptop,Web
A03231,V0207,M001,2025-05-06,2025-05,88,TV,iOS
A03232,V0090,M001,2025-04-24,2025-04,100,Mobile,SmartTV
A03233,V0005,M001,2025-05-08,2025-05,76,TV,Android
A03234,V0461,M001,2025-04-02,2025-04,75,Tablet,iOS
A03235,V0456,M001,2025-04-07,2025-04,78,TV,SmartTV
A03236,V0254,M001,2025-04-18,2025-04,96,Mobile,iOS
A03237,V0280,M001,2025-04-28,2025-04,70,Mobile,SmartTV
A03238,V0453,M001,2025-04-30,2025-04,98,Mobile,Android
A03239,V0205,M001,2025-04-06,2025-04,99,TV,SmartTV
A03240,V0455,M001,2025-04-03,2025-04,80,Mobile,iOS
A03241,V0299,M001,2025-04-19,2025-04,76,TV,Android
A03242,V0428,M001,2025-04-27,2025-04,84,TV,Web
A03243,V0193,M001,2025-04-18,2025-04,88,TV,iOS
A03244,V0082,M001,2025-04-29,2025-04,88,Laptop,SmartTV
A03245,V0124,M001,2025-04-28,2025-04,99,Mobile,Android
A03246,V0017,M001,2025-05-07,2025-05,93,Tablet,Web
A03247,V0032,M001,2025-04-17,2025-04,75,Laptop,Web
A03248,V0358,M001,2025-04-07,2025-04,89,TV,Android
A03249,V0237,M001,2025-04-09,2025-04,92,TV,SmartTV
A03250,V0277,M001,2025-04-12,2025-04,97,Mobile,Android
A03251,V0061,M001,2025-05-07,2025-05,96,Tablet,Android
A03252,V0334,M001,2025-04-23,2025-04,71,Laptop,SmartTV
A03253,V0065,M001,2025-04-04,2025-04,96,Tablet,SmartTV
A03254,V0203,M001,2025-04-29,2025-04,90,Laptop,Android
A03255,V0442,M001,2025-04-30,2025-04,75,Laptop,Web
A03256,V0302,M001,2025-04-14,2025-04,85,Laptop,Web
A03257,V0232,M001,2025-04-02,2025-04,93,Mobile,SmartTV
A03258,V0418,M001,2025-04-20,2025-04,70,Tablet,SmartTV
A03259,V0386,M001,2025-04-24,2025-04,83,Mobile,Android
A03260,V0280,M001,2025-04-03,2025-04,70,Mobile,Android
A03261,V0085,M001,2025-04-03,2025-04,75,Mobile,Web
A03262,V0452,M001,2025-04-20,2025-04,96,TV,iOS
A03263,V0133,M001,2025-04-18,2025-04,87,Mobile,Android
A03264,V0461,M001,2025-04-12,2025-04,75,Laptop,Android
A03265,V0106,M001,2025-04-16,2025-04,75,Mobile,Android
A03266,V0184,M001,2025-04-16,2025-04,72,Mobile,Android
A03267,V0464,M001,2025-04-24,2025-04,90,Laptop,Web
A03268,V0059,M001,2025-04-04,2025-04,89,TV,Web
A03269,V0169,M001,2025-04-19,2025-04,95,Mobile,Android
A03270,V0298,M001,2025-04-26,2025-04,86,Laptop,Android
A03271,V0387,M001,2025-04-13,2025-04,94,TV,Android
A03272,V0151,M001,2025-04-11,2025-04,97,TV,SmartTV
A03273,V0304,M001,2025-04-11,2025-04,83,TV,iOS
A03274,V0014,M001,2025-05-05,2025-05,81,TV,iOS
A03275,V0426,M001,2025-04-09,2025-04,100,Laptop,Web
A03276,V0083,M001,2025-04-06,2025-04,98,Mobile,SmartTV
A03277,V0385,M001,2025-04-22,2025-04,89,Tablet,Web
A03278,V0488,M001,2025-04-09,2025-04,71,Mobile,Android
A03279,V0496,M001,2025-04-16,2025-04,85,Tablet,Android
A03280,V0247,M001,2025-04-05,2025-04,84,Laptop,Web
A03281,V0082,M001,2025-04-18,2025-04,72,Mobile,SmartTV
A03282,V0305,M001,2025-04-12,2025-04,94,Laptop,iOS
A03283,V0105,M001,2025-05-07,2025-05,98,Tablet,Web
A03284,V0301,M001,2025-04-07,2025-04,74,TV,SmartTV
A03285,V0039,M001,2025-04-29,2025-04,92,TV,iOS
A03286,V0191,M001,2025-05-01,2025-05,77,Tablet,Android
A03287,V0438,M001,2025-04-28,2025-04,100,Laptop,SmartTV
A03288,V0078,M001,2025-04-21,2025-04,91,Tablet,Web
A03289,V0053,M001,2025-04-25,2025-04,98,TV,iOS
A03290,V0062,M001,2025-04-28,2025-04,84,TV,iOS
A03291,V0293,M001,2025-04-01,2025-04,88,TV,Web
A03292,V0448,M001,2025-04-21,2025-04,74,Laptop,iOS
